sep=	
time (source1)	data.0	data.1	data.2	
0	-1	-26	-349	
0.124	-6	-57	-689	
3.888	0	-104	-1002	
4.012	62	-102	-1000	
4.135	165	-90	-990	
4.259	229	-16	-950	
4.383	298	8	-926	
4.507	340	26	-902	
5.051	430	-22	-918	
5.177	364	-32	-954	
5.319	204	-49	-1030	
5.444	90	-68	-1052	
5.567	-6	-34	-333	
5.695	-17	-68	-664	
6.379	4	-85	-1032	
6.503	53	-78	-1061	
6.627	142	-85	-1018	
6.752	257	-109	-980	
6.875	401	-104	-882	
7	553	-60	-777	
7.123	689	1	-642	
7.247	785	36	-530	
7.511	829	58	-510	
7.636	773	54	-585	
7.759	658	65	-710	
7.883	470	54	-840	
8.007	240	10	-938	
8.132	26	-86	-994	
8.395	-101	-170	-1066	
8.519	-85	-169	-1050	
9.203	73	-110	-992	
9.327	249	-73	-958	
9.455	478	-42	-885	
9.579	649	-29	-746	
9.703	796	-5	-576	
9.827	873	5	-434	
9.952	920	32	-408	
10.076	824	14	-510	
10.199	585	-2	-678	
10.323	262	-66	-842	
10.447	-16	-102	-1024	
10.571	-144	-108	-1082	
10.696	-168	-86	-1096	
10.96	-121	-54	-1016	
11.083	-97	-8	-1020	
11.208	-78	22	-1040	
11.331	0	16	-1049	
11.455	121	-30	-1034	
11.58	301	-64	-956	
11.703	460	-68	-860	
11.827	601	-48	-760	
11.951	712	-32	-680	
12.076	781	-36	-617	
12.34	724	-61	-682	
12.463	570	-78	-810	
12.587	316	-96	-937	
12.711	-6	-89	-974	
12.835	-262	-78	-970	
12.959	-372	-84	-958	
13.083	-346	-90	-977	
13.21	-264	-109	-1010	
13.335	-209	-104	-1013	
13.599	-97	-106	-1002	
13.723	68	-101	-990	
13.847	302	-82	-930	
13.971	545	-46	-804	
14.095	728	-29	-637	
14.219	858	-17	-514	
14.343	886	-25	-484	
14.467	782	-38	-573	
14.591	586	-41	-741	
14.715	294	-37	-900	
14.839	49	-32	-986	
15.103	-144	-58	-1022	
15.647	12	-28	-1022	
15.771	168	-36	-990	
15.895	361	-46	-913	
16.019	540	-37	-841	
16.284	638	-20	-806	
16.407	518	-56	-841	
16.531	345	-58	-942	
16.655	152	-85	-981	
16.78	-33	-89	-1020	
16.903	-117	-98	-1012	
17.027	-144	-58	-1026	
17.415	-56	0	-1026	
17.539	-8	-9	-1006	
17.663	152	-17	-984	
17.787	342	-37	-913	
17.911	560	-56	-792	
18.035	740	-81	-634	
18.159	813	-124	-534	
18.284	784	-148	-602	
18.407	586	-176	-745	
18.531	354	-126	-905	
18.655	137	-89	-973	
18.779	-8	-49	-1016	
19.463	-29	22	-1014	
19.587	129	50	-1000	
19.711	361	81	-912	
19.835	606	104	-778	
19.959	766	90	-608	
20.083	846	57	-522	
20.207	818	4	-553	
20.331	660	-9	-714	
20.455	390	-8	-870	
20.579	53	5	-974	
21.123	-134	-32	-1013	
21.53	-14	-50	-993	
21.655	166	-41	-944	
21.779	414	-2	-856	
21.903	652	9	-733	
22.027	776	-1	-617	
22.151	818	-45	-574	
22.275	744	-52	-634	
22.399	582	-64	-780	
22.523	338	-44	-912	
22.647	118	-37	-992	
22.771	-46	-14	-1016	
23.455	24	-22	-985	
23.579	249	-40	-932	
23.703	528	-48	-842	
23.827	702	-33	-714	
23.951	774	-40	-618	
24.075	788	-58	-601	
24.199	705	-100	-685	
24.323	560	-114	-804	
24.447	330	-114	-901	
24.571	113	-86	-968	
24.695	-80	-61	-990	
25.523	-80	-68	-1006	
25.648	76	-69	-972	
25.775	318	-58	-904	
25.899	562	-18	-784	
26.024	760	9	-606	
26.287	849	24	-524	
26.411	742	21	-686	
26.535	536	4	-817	
26.659	290	16	-924	
26.784	68	34	-972	
26.907	-58	56	-1006	
27.591	0	24	-1013	
27.715	198	29	-953	
27.839	465	34	-829	
27.963	692	41	-681	
28.087	814	26	-576	
28.211	825	5	-588	
28.335	717	-17	-693	
28.459	544	-29	-834	
28.583	308	-34	-921	
28.707	96	-17	-969	
28.832	-84	2	-986	
29.375	-93	22	-1022	
29.499	-1	9	-1001	
29.624	188	10	-925	
29.747	445	22	-830	
29.871	702	41	-688	
29.999	833	44	-584	
30.123	842	12	-573	
30.247	697	-14	-710	
30.371	450	-46	-868	
30.495	136	-68	-982	
30.619	-78	-68	-1010	
30.883	-128	-53	-1029	
31.287	-26	12	-1004	
31.411	124	54	-982	
31.535	366	117	-906	
31.659	616	168	-797	
31.783	768	186	-678	
31.907	768	161	-676	
32.031	621	110	-781	
32.155	369	62	-905	
32.283	109	20	-984	
32.407	-105	4	-989	
32.671	-210	0	-1012	
33.075	-90	42	-994	
33.199	40	61	-949	
33.33	296	121	-865	
33.447	558	157	-745	
33.571	753	184	-626	
33.835	777	116	-597	
33.959	642	70	-714	
34.087	425	12	-852	
34.211	176	-12	-960	
34.335	-8	-21	-1002	
35.019	-45	0	-1001	
35.143	108	29	-974	
35.267	344	82	-885	
35.391	600	105	-773	
35.515	786	125	-624	
35.639	878	98	-510	
35.763	885	108	-474	
35.887	824	90	-573	
36.011	622	86	-758	
36.135	344	49	-920	
36.259	32	34	-993	
36.383	-132	20	-1009	
36.647	-174	17	-1021	
37.035	33	42	-1008	
37.159	281	65	-933	
37.283	581	88	-780	
37.407	762	94	-610	
37.531	868	78	-488	
37.655	869	54	-490	
37.779	773	25	-589	
37.903	564	2	-756	
38.027	322	-18	-890	
38.154	134	-16	-968	
38.279	-1	-9	-998	
38.823	-57	54	-1020	
38.947	16	105	-982	
39.071	176	193	-956	
39.195	388	262	-866	
39.319	598	293	-753	
39.443	761	289	-586	
39.567	838	254	-498	
39.691	828	212	-534	
39.815	706	165	-661	
39.939	532	109	-813	
40.063	298	46	-921	
40.187	105	-9	-985	
40.871	61	25	-974	
40.995	300	52	-882	
41.119	589	76	-706	
41.244	817	100	-509	
41.368	937	93	-333	
41.491	948	80	-313	
41.615	884	69	-430	
41.739	730	61	-621	
41.863	549	42	-802	
41.987	280	29	-922	
42.111	82	16	-989	
42.237	-70	16	-1012	
42.643	-66	62	-981	
42.767	109	130	-976	
42.891	369	180	-894	
43.015	732	189	-338	
43.139	918	170	-77	
43.263	1022	156	129	
43.387	978	146	-226	
43.511	890	134	-354	
43.635	682	105	-602	
43.759	417	73	-813	
43.883	168	29	-961	
44.007	13	8	-1016	
44.131	-93	-9	-1046	
44.675	-126	-20	-1008	
44.799	-2	-34	-992	
44.923	216	-22	-926	
45.047	493	2	-789	
45.171	736	60	-572	
45.295	905	101	-329	
45.559	948	88	-282	
45.683	784	42	-534	
45.807	506	-2	-812	
45.931	218	-30	-958	
46.055	24	-38	-1014	
46.583	-46	30	-1024	
46.707	102	113	-986	
46.831	360	206	-874	
46.955	665	254	-665	
47.079	858	264	-433	
47.203	933	234	-361	
47.327	841	177	-504	
47.451	625	122	-733	
47.575	329	49	-914	
47.703	104	33	-978	
47.827	-20	6	-1013	
48.371	98	32	-1028	
48.495	313	53	-920	
48.619	620	89	-754	
48.743	826	124	-457	
48.867	964	145	-261	
48.991	977	122	-193	
49.115	916	90	-342	
49.239	765	61	-588	
49.363	512	50	-818	
49.487	240	30	-964	
49.611	13	12	-1018	
50.295	-8	-1	-974	
50.419	222	2	-906	
50.546	516	32	-796	
50.671	774	54	-594	
50.795	917	73	-384	
51.059	954	40	-309	
51.183	796	28	-516	
51.307	544	1	-756	
51.431	233	-13	-929	
51.555	9	-52	-1005	
52.099	-89	33	-1002	
52.223	17	58	-985	
52.347	201	85	-925	
52.471	421	94	-953	
52.595	633	124	-785	
52.719	777	138	-673	
52.843	806	124	-554	
52.967	718	112	-650	
53.091	557	94	-774	
53.215	344	54	-904	
53.339	140	17	-978	
53.463	-14	-17	-1024	
54.007	-37	-16	-1005	
54.131	125	-12	-964	
54.255	376	34	-865	
54.379	640	92	-688	
54.503	845	133	-468	
54.63	958	110	-280	
54.755	973	81	-268	
54.879	870	30	-412	
55.003	696	4	-642	
55.127	444	-53	-838	
55.251	188	-78	-954	
55.375	-17	-94	-1000	
55.903	-117	0	-997	
56.027	22	32	-937	
56.151	292	86	-861	
56.275	601	133	-698	
56.399	838	174	-498	
56.523	937	185	-350	
56.647	912	150	-396	
56.771	736	104	-597	
56.895	453	64	-794	
57.019	172	37	-930	
57.143	-38	25	-982	
57.687	-92	57	-1014	
57.811	53	100	-980	
57.935	306	169	-886	
58.059	608	237	-696	
58.183	824	281	-470	
58.307	909	258	-336	
58.431	873	193	-384	
58.555	732	137	-557	
58.682	530	73	-770	
58.807	286	32	-918	
58.931	58	-8	-990	
59.055	-92	-12	-1005	
59.599	-52	-9	-1005	
59.723	150	21	-984	
59.846	434	62	-868	
59.971	708	104	-666	
60.095	866	106	-394	
60.219	956	81	-212	
60.343	982	49	-181	
60.467	932	29	-333	
60.591	786	10	-564	
60.714	550	2	-800	
60.838	301	-14	-930	
60.963	69	-22	-992	
61.087	-76	-16	-994	
61.631	-97	62	-1028	
61.755	52	97	-1021	
61.879	324	102	-897	
62.003	624	74	-710	
62.127	848	80	-422	
62.25	952	100	-218	
62.375	981	121	-216	
62.499	846	98	-434	
62.623	592	81	-730	
62.75	265	54	-934	
62.875	0	48	-1000	
62.999	-145	30	-1005	
63.683	-62	-22	-1000	
63.807	114	-9	-960	
63.931	372	16	-869	
64.055	634	44	-706	
64.179	829	73	-488	
64.303	948	60	-288	
64.427	978	60	-226	
64.551	922	62	-316	
64.675	758	74	-549	
64.836	526	77	-768	
64.923	265	61	-937	
65.047	61	58	-1000	
65.171	-54	50	-1020	
65.715	-2	38	-985	
65.839	177	45	-960	
65.963	429	54	-864	
66.086	669	65	-700	
66.211	842	76	-437	
66.334	957	69	-214	
66.459	982	74	-124	
66.583	942	60	-230	
66.707	848	64	-478	
66.833	606	49	-721	
66.959	334	42	-904	
67.082	86	25	-982	
67.207	-18	12	-1021	
67.61	-121	-29	-1037	
67.875	-86	-53	-984	
67.999	118	-33	-949	
68.124	421	-1	-818	
68.247	724	37	-640	
68.371	876	62	-388	
68.634	888	37	-385	
68.759	732	56	-610	
68.883	430	34	-841	
69.006	121	50	-952	
69.131	-102	14	-1005	
69.379	-148	60	-1042	
69.503	-130	42	-1078	
69.626	-117	-9	-1081	
69.751	-69	-78	-1026	
69.875	104	-49	-989	
69.999	373	28	-876	
70.123	658	110	-702	
70.246	869	124	-484	
70.371	912	98	-454	
70.494	808	53	-572	
70.619	550	16	-785	
70.742	297	-28	-953	
70.871	100	-16	-1014	
70.995	10	5	-1012	
71.119	-44	14	-984	
71.242	-77	-26	-993	
71.506	-50	-5	-996	
71.63	45	33	-986	
71.755	197	86	-940	
71.879	417	106	-846	
72.003	660	144	-678	
72.127	844	117	-526	
72.25	884	82	-461	
72.374	808	54	-554	
72.499	641	34	-733	
72.623	433	14	-898	
72.746	220	-5	-981	
72.87	41	-9	-1012	
72.994	-74	1	-1006	
73.538	-92	45	-1026	
73.943	74	78	-1018	
74.067	346	72	-908	
74.19	641	80	-694	
74.314	844	101	-473	
74.438	906	118	-388	
74.562	869	105	-477	
74.686	676	56	-678	
74.81	362	-12	-872	
74.938	36	-60	-958	
75.062	-216	-85	-969	
75.746	-161	-62	-988	
75.87	29	-40	-950	
75.995	356	-9	-844	
76.119	678	33	-658	
76.243	897	58	-468	
76.366	917	81	-410	
76.491	817	80	-556	
76.614	578	58	-766	
76.738	312	29	-929	
76.862	85	16	-988	
76.986	-38	34	-1010	
77.53	-41	48	-1013	
77.654	84	84	-968	
77.778	317	90	-865	
77.902	617	92	-668	
78.026	848	69	-469	
78.29	917	66	-382	
78.414	750	45	-568	
78.538	513	9	-794	
78.662	237	2	-952	
78.786	32	1	-1006	
79.434	-30	57	-1010	
79.558	92	84	-985	
79.682	300	105	-905	
79.806	542	100	-770	
79.93	730	96	-598	
80.054	849	104	-460	
80.178	900	125	-430	
80.302	816	106	-518	
80.426	628	74	-706	
80.55	361	5	-896	
80.674	136	-22	-997	
80.799	-5	-42	-1026	
81.483	-24	38	-1008	
81.606	112	69	-969	
81.73	330	97	-882	
81.854	578	128	-746	
81.978	765	152	-590	
82.102	865	169	-469	
82.227	888	173	-450	
82.35	800	180	-560	
82.474	604	132	-744	
82.598	336	88	-908	
82.722	108	34	-976	
82.846	-21	33	-1005	
83.373	-17	32	-990	
83.498	89	21	-1112	
83.623	298	42	-1021	
83.746	573	68	-888	
83.87	806	101	-537	
83.994	926	84	-397	
84.118	932	69	-354	
84.242	868	64	-466	
84.366	688	52	-653	
84.491	437	26	-829	
84.614	184	-10	-934	
84.738	25	-29	-990	
85.842	-44	-29	-1009	
85.966	73	-25	-996	
86.09	289	-1	-953	
86.214	526	25	-828	
86.338	740	58	-648	
86.462	850	56	-504	
86.586	917	49	-361	
86.71	858	37	-422	
86.834	744	40	-544	
86.958	545	17	-806	
87.082	316	-5	-917	
87.206	114	-25	-974	
87.331	8	-18	-1009	
87.998	56	-2	-997	
88.122	248	-28	-908	
88.246	528	-34	-773	
88.37	769	-26	-568	
88.494	901	2	-450	
88.618	914	-24	-446	
88.742	772	-44	-594	
88.866	534	-84	-793	
88.99	252	-84	-938	
89.114	48	-69	-1002	
89.238	-62	-54	-1008	
90.062	56	-16	-1010	
90.186	265	-4	-953	
90.31	542	21	-828	
90.434	762	41	-620	
90.558	902	76	-437	
90.822	900	102	-418	
90.946	760	69	-616	
91.07	526	46	-828	
91.194	297	18	-954	
91.318	110	4	-1013	
91.442	16	-5	-1037	
92.65	-24	25	-1001	
92.774	160	64	-961	
92.898	405	102	-893	
93.022	609	136	-801	
93.148	710	162	-689	
93.27	769	161	-604	
93.394	777	156	-592	
93.518	681	130	-692	
93.642	449	104	-841	
93.766	164	77	-952	
93.89	-52	68	-990	
94.714	6	-18	-1010	
94.838	177	-54	-988	
94.962	398	-60	-873	
95.086	620	-65	-718	
95.21	796	-25	-514	
95.474	842	-1	-494	
95.598	670	13	-652	
95.722	410	4	-812	
95.846	188	26	-918	
95.97	32	9	-978	
96.498	-41	-42	-1041	
96.622	-10	-58	-1036	
96.746	102	-106	-1002	
96.87	310	-122	-945	
96.994	564	-129	-814	
97.118	761	-89	-632	
97.242	878	-45	-438	
97.366	925	-25	-372	
97.491	869	-33	-461	
97.614	697	-37	-658	
97.738	462	-44	-833	
97.862	234	-44	-936	
97.986	58	-42	-980	
99.09	20	-2	-1013	
99.214	201	5	-958	
99.34	461	24	-829	
99.462	690	57	-592	
99.586	860	66	-354	
99.71	944	69	-237	
99.834	918	66	-317	
99.958	801	64	-520	
100.082	596	65	-737	
100.206	372	33	-882	
100.331	149	16	-965	
100.458	-5	-10	-1002	
101.147	0	-9	-990	
101.266	152	-24	-974	
101.39	364	-50	-901	
101.514	609	-58	-780	
101.638	772	-40	-570	
101.762	878	2	-401	
101.886	892	37	-334	
102.01	848	48	-438	
102.134	696	9	-641	
102.258	474	-5	-862	
102.382	225	-17	-980	
102.506	30	14	-1024	
102.63	-81	13	-1021	
103.454	6	-61	-1022	
103.578	136	-92	-994	
103.702	348	-106	-932	
103.826	557	-104	-818	
103.95	737	-66	-656	
104.074	845	-45	-504	
104.198	902	-26	-442	
104.322	842	-48	-510	
104.446	633	-77	-673	
104.57	352	-84	-842	
104.698	105	-73	-958	
104.822	-28	-52	-1006	
105.506	-57	-24	-1013	
105.63	42	-29	-981	
105.754	268	-21	-889	
105.878	558	-33	-696	
106.002	814	-26	-468	
106.266	921	-17	-368	
106.39	754	-40	-538	
106.514	537	-33	-802	
106.638	293	-56	-954	
106.762	130	-42	-1036	
106.886	-20	-32	-1012	
107.01	-106	10	-1008	
107.554	-13	38	-993	
107.678	184	38	-934	
107.802	460	52	-790	
107.926	705	58	-618	
108.05	869	58	-468	
108.174	888	56	-464	
108.298	753	72	-605	
108.422	517	68	-808	
108.546	260	33	-953	
108.67	50	2	-1001	
109.342	-30	14	-1012	
109.466	102	17	-990	
109.59	336	44	-918	
109.714	597	80	-754	
109.838	809	102	-526	
109.962	917	97	-361	
110.086	934	92	-370	
110.21	817	78	-532	
110.334	594	41	-757	
110.458	290	-9	-914	
110.582	42	-38	-992	
110.706	-100	-38	-1000	
111.11	-96	-12	-1028	
111.234	-85	44	-1026	
111.638	-36	124	-1014	
111.762	82	136	-985	
111.886	313	137	-884	
112.01	613	121	-705	
112.134	846	114	-452	
112.258	958	126	-265	
112.382	944	156	-257	
112.506	773	134	-472	
112.63	477	118	-752	
112.754	153	108	-933	
112.878	-70	110	-1028	
113.006	-168	76	-1020	
113.41	-142	10	-1041	
113.534	-114	6	-1036	
113.658	-54	29	-1022	
113.782	80	40	-1006	
113.906	264	28	-925	
114.03	489	5	-820	
114.154	678	1	-676	
114.278	846	18	-538	
114.542	844	53	-597	
114.666	618	44	-776	
114.79	346	30	-945	
114.914	92	17	-998	
115.038	-45	4	-1016	
115.722	-65	-18	-1020	
115.846	48	-24	-1008	
115.97	226	-30	-966	
116.094	418	-20	-877	
116.218	621	-1	-744	
116.342	800	14	-550	
116.514	934	14	-421	
116.59	928	38	-412	
116.714	725	4	-578	
116.838	462	16	-786	
116.962	201	-12	-933	
117.089	50	10	-993	
117.214	-44	-9	-1008	
118.178	80	-17	-950	
118.302	314	-6	-869	
118.426	605	22	-694	
118.55	821	25	-498	
118.674	936	36	-346	
118.798	941	26	-368	
118.922	793	18	-558	
119.046	502	-16	-788	
119.17	177	-45	-932	
119.294	-41	-46	-977	
119.418	-134	-50	-997	
120.102	-25	25	-993	
120.226	133	40	-969	
120.35	346	18	-877	
120.474	586	1	-744	
120.598	788	-30	-570	
120.862	864	-1	-584	
120.986	614	-5	-793	
121.11	312	-25	-966	
121.234	60	-45	-1016	
122.042	89	-32	-1000	
122.166	266	-16	-934	
122.29	522	-4	-788	
122.414	786	-2	-606	
122.538	916	17	-476	
122.662	918	53	-506	
122.786	728	50	-682	
122.91	481	46	-888	
123.034	201	40	-1005	
123.158	24	49	-1033	
123.422	-78	36	-1028	
123.546	-100	13	-1026	
123.95	-64	-16	-1018	
124.074	74	-5	-994	
124.198	285	5	-922	
124.322	529	28	-806	
124.446	718	41	-638	
124.57	862	53	-505	
124.694	881	52	-481	
124.818	793	84	-608	
124.942	550	62	-782	
125.066	298	50	-924	
125.191	53	8	-986	
125.858	-30	-1	-1016	
125.981	105	-41	-966	
126.106	358	-52	-872	
126.23	641	-48	-736	
126.354	878	-16	-537	
126.478	972	-4	-457	
126.602	920	10	-506	
126.726	733	8	-696	
126.85	480	4	-865	
126.974	201	-40	-973	
127.098	-13	-49	-1016	
127.782	-45	-101	-978	
127.906	77	-92	-952	
128.03	278	-70	-898	
128.154	532	-2	-785	
128.278	780	8	-585	
128.402	926	-6	-416	
128.526	928	-29	-392	
128.65	820	-24	-501	
128.774	640	-20	-689	
128.898	400	-12	-848	
129.022	153	-44	-954	
129.146	-25	-56	-993	
130.094	-10	40	-1009	
130.218	116	69	-968	
130.342	380	113	-856	
130.466	645	161	-596	
130.59	882	145	-310	
130.714	956	118	-164	
130.838	938	112	-276	
130.962	770	136	-564	
131.085	485	97	-818	
131.21	210	40	-972	
131.334	29	-5	-1006	
131.878	-84	2	-1001	
132.002	-66	-12	-993	
132.126	40	-9	-984	
132.249	205	10	-937	
132.374	485	29	-805	
132.498	733	36	-570	
132.622	932	13	-318	
132.886	956	14	-245	
133.01	828	16	-490	
133.134	644	42	-788	
133.258	354	37	-950	
133.381	112	46	-1017	
133.506	-81	18	-1002	
134.049	-136	5	-1020	
134.178	-24	6	-1036	
134.302	156	25	-950	
134.425	469	38	-804	
134.55	765	32	-504	
134.674	972	24	-250	
134.938	973	-8	-173	
135.062	872	-8	-424	
135.186	648	17	-684	
135.31	342	4	-873	
135.434	28	-22	-998	
135.558	-149	-48	-1041	
136.522	-76	17	-1029	
136.646	-52	76	-1024	
136.769	77	130	-965	
136.894	322	180	-874	
137.018	602	213	-678	
137.142	834	164	-461	
137.266	949	110	-218	
137.53	958	72	-258	
137.653	758	52	-540	
137.778	460	34	-826	
137.902	114	-14	-948	
138.025	-76	-24	-997	
138.694	-65	41	-973	
138.817	156	57	-948	
138.942	493	93	-796	
139.066	760	112	-586	
139.19	905	144	-322	
139.314	961	106	-182	
139.437	941	130	-209	
139.562	862	148	-342	
139.685	689	130	-606	
139.831	474	100	-773	
139.934	249	74	-934	
140.057	73	112	-977	
140.181	-38	86	-1038	
140.305	-100	45	-1038	
140.569	-136	-1	-1017	
140.694	-56	14	-985	
140.818	149	4	-974	
140.942	357	18	-865	
141.066	590	10	-769	
141.189	710	28	-650	
141.313	770	18	-676	
141.437	661	13	-762	
141.562	470	-24	-877	
141.685	237	-24	-946	
141.81	57	-42	-989	
141.933	-54	-28	-1016	
142.34	-36	-48	-1022	
142.465	81	-40	-990	
142.589	284	-36	-949	
142.714	514	-29	-844	
142.837	682	-33	-776	
142.962	726	-34	-744	
143.086	598	-32	-770	
143.21	402	-46	-860	
143.333	180	-57	-926	
143.457	26	-53	-994	
143.586	-77	-60	-1009	
144.13	-72	-37	-1004	
144.253	2	-28	-1002	
144.378	125	2	-956	
144.501	294	28	-882	
144.625	482	73	-754	
144.749	654	64	-640	
144.873	812	78	-550	
145.138	824	94	-601	
145.261	649	78	-730	
145.385	393	45	-872	
145.51	129	-13	-946	
145.633	-56	-60	-982	
146.178	-69	-36	-1017	
146.302	28	4	-1000	
146.425	204	32	-965	
146.553	454	30	-850	
146.677	686	20	-704	
146.802	844	13	-553	
146.925	844	25	-514	
147.049	726	41	-628	
147.173	445	53	-802	
147.297	169	58	-954	
147.421	-65	32	-997	
148.105	-8	-21	-1004	
148.229	221	5	-917	
148.353	493	-10	-824	
148.477	742	-22	-688	
148.601	817	-46	-573	
148.726	861	-25	-534	
148.85	796	-14	-612	
148.973	593	-53	-770	
149.097	297	-45	-897	
149.222	6	-64	-964	
149.346	-130	-24	-990	
149.609	-156	-29	-1029	
150.013	-65	-20	-1002	
150.138	54	41	-933	
150.261	273	36	-884	
150.385	490	30	-806	
150.51	670	-13	-772	
150.777	686	26	-772	
150.902	450	24	-866	
151.025	161	24	-968	
151.149	-89	12	-978	
151.274	-161	5	-1013	
151.397	-201	-26	-1009	
151.521	-168	-44	-1013	
151.645	-156	-58	-996	
151.77	-68	-48	-1000	
151.894	102	-80	-973	
152.018	361	-82	-888	
152.142	637	-50	-730	
152.265	806	9	-588	
152.389	832	44	-541	
152.513	722	10	-676	
152.637	484	12	-857	
152.762	224	2	-984	
152.886	20	9	-1008	
153.289	-66	-6	-992	
153.413	30	2	-961	
153.537	204	0	-894	
153.661	460	22	-844	
153.785	662	28	-708	
153.91	812	53	-572	
154.173	830	33	-533	
154.297	666	26	-685	
154.421	414	10	-854	
154.548	178	-6	-932	
154.673	1	-20	-974	
155.078	-56	-28	-1024	
155.201	50	-10	-1020	
155.325	242	4	-965	
155.449	482	10	-825	
155.573	706	-1	-657	
155.698	846	-10	-488	
155.822	890	0	-465	
155.945	817	-8	-557	
156.069	661	-8	-746	
156.193	401	-34	-905	
156.318	148	-33	-988	
156.442	-53	-42	-1004	
156.845	-84	-16	-1016	
156.969	38	-1	-998	
157.093	265	24	-946	
157.217	496	72	-852	
157.341	692	104	-693	
157.465	800	121	-550	
157.729	824	109	-554	
157.853	670	122	-729	
157.977	376	89	-882	
158.101	108	76	-1005	
158.225	-64	34	-1017	
158.893	-12	33	-1002	
159.017	109	41	-973	
159.142	333	25	-933	
159.265	521	2	-836	
159.389	701	-20	-725	
159.513	777	-20	-609	
159.637	817	-13	-604	
159.761	708	1	-682	
159.886	518	8	-833	
160.01	240	-4	-936	
160.133	21	-8	-1004	
160.677	-54	13	-1034	
160.801	33	38	-1013	
160.925	196	46	-973	
161.049	409	45	-876	
161.173	628	26	-752	
161.297	753	28	-634	
161.561	733	30	-665	
161.685	580	10	-812	
161.809	317	5	-938	
161.933	98	9	-1004	
162.057	-49	26	-1014	
162.601	-33	16	-1022	
162.725	140	13	-992	
162.852	370	13	-913	
162.977	664	-21	-824	
163.102	833	-30	-642	
163.226	926	-17	-513	
163.35	892	28	-449	
163.473	805	44	-564	
163.597	573	30	-764	
163.721	296	18	-932	
163.845	40	21	-1036	
164.249	-85	-8	-1030	
164.373	-33	-26	-1006	
164.498	142	-56	-984	
164.621	361	-93	-904	
164.745	593	-120	-768	
164.869	752	-81	-576	
164.993	881	-49	-394	
165.257	894	-48	-400	
165.381	714	-68	-594	
165.505	486	-72	-786	
165.629	194	-78	-933	
165.753	8	-66	-990	
166.017	-78	-88	-1005	
166.142	-28	-73	-1006	
166.265	96	-54	-1013	
166.389	253	-62	-957	
166.513	470	-77	-872	
166.637	674	-89	-692	
166.761	814	-72	-533	
167.029	833	-58	-505	
167.153	692	-78	-646	
167.277	506	-56	-821	
167.401	240	-56	-940	
167.525	60	-17	-1005	
167.649	-85	-44	-1020	
167.913	13	-52	-1040	
168.038	221	-54	-988	
168.161	494	-60	-834	
168.285	690	-53	-661	
168.409	844	-69	-500	
168.673	898	-88	-412	
168.797	805	-69	-522	
168.921	605	-50	-704	
169.045	284	-60	-906	
169.169	33	-44	-980	
169.293	-114	-29	-994	
169.417	-121	-25	-1004	
169.541	-85	-32	-1010	
169.665	52	-42	-1006	
169.79	260	-48	-930	
169.913	458	-52	-870	
170.038	630	-72	-750	
170.161	724	-89	-676	
170.285	738	-104	-650	
170.409	540	-82	-784	
170.533	284	-97	-926	
170.657	45	-96	-1018	
170.785	-66	-108	-1010	
171.049	-120	-97	-1016	
171.313	-36	-94	-1017	
171.437	60	-82	-986	
171.561	253	-65	-913	
171.685	478	-85	-806	
171.809	654	-89	-698	
171.933	745	-85	-610	
172.198	798	-76	-580	
172.321	710	-74	-684	
172.445	538	-64	-820	
172.569	298	-58	-933	
172.693	96	-45	-986	
172.817	-48	-96	-990	
173.081	-126	-94	-1010	
173.345	-61	-1	-1025	
173.469	-22	-24	-1033	
173.593	114	-18	-992	
173.717	333	28	-917	
173.841	618	56	-748	
173.965	808	106	-525	
174.089	920	73	-357	
174.213	921	98	-332	
174.337	818	44	-497	
174.461	585	28	-736	
174.585	268	-42	-900	
174.712	1	-42	-985	
175.117	-156	-17	-1016	
175.241	-125	41	-1025	
175.365	-44	110	-1009	
175.489	113	90	-996	
175.613	377	50	-850	
175.737	662	14	-633	
175.861	878	40	-328	
175.985	968	57	-130	
176.109	960	48	-97	
176.233	893	45	-268	
176.357	738	50	-533	
176.482	476	45	-770	
176.606	200	28	-909	
176.729	-2	5	-992	
176.853	-82	-60	-1000	
177.257	-72	-98	-1024	
177.381	-16	-108	-1002	
177.505	146	-73	-957	
177.629	429	-92	-798	
177.753	734	-90	-498	
177.877	929	-92	-144	
178.001	978	-97	130	
178.125	966	-108	224	
178.249	945	-132	152	
178.373	936	-142	-70	
178.497	816	-148	-362	
178.621	630	-129	-662	
178.749	349	-112	-866	
178.873	78	-69	-978	
178.997	-118	-49	-1006	
179.121	-193	-49	-1017	
179.665	-73	-54	-1016	
179.789	78	-20	-990	
179.913	341	1	-880	
180.037	652	36	-601	
180.161	881	60	-234	
180.285	946	65	138	
180.409	936	44	328	
180.533	908	21	377	
180.657	933	22	276	
180.781	933	30	93	
180.905	892	34	-214	
181.03	697	16	-554	
181.153	408	-37	-814	
181.277	105	-97	-962	
181.401	-70	-118	-1000	
182.085	-9	-9	-989	
182.209	185	52	-924	
182.333	478	117	-801	
182.457	773	117	-450	
182.581	913	156	-44	
182.705	946	164	266	
182.833	940	193	264	
182.957	982	182	73	
183.082	940	144	-229	
183.205	744	120	-557	
183.329	428	84	-822	
183.453	154	48	-949	
183.577	-20	16	-1002	
183.701	-93	-44	-1010	
184.369	-34	-44	-1008	
184.493	122	-44	-1000	
184.617	413	-44	-904	
184.741	713	-18	-674	
184.865	906	40	-292	
184.989	964	81	5	
185.253	984	77	34	
185.377	944	46	-202	
185.501	793	21	-532	
185.625	510	16	-776	
185.749	210	-5	-926	
185.873	-1	-8	-973	
186.697	-52	-41	-1028	
186.821	61	0	-976	
186.945	310	46	-890	
187.072	640	77	-741	
187.197	886	72	-454	
187.321	997	52	-138	
187.445	986	57	126	
187.569	982	54	180	
187.701	969	42	138	
187.817	973	56	-33	
187.941	929	22	-306	
188.065	804	24	-617	
188.189	550	-21	-838	
188.313	262	-24	-958	
188.437	6	-62	-997	
188.981	-105	26	-998	
189.105	-105	62	-1025	
189.369	-10	61	-1005	
189.493	212	62	-861	
189.617	601	21	-606	
189.741	874	52	-264	
189.865	1017	42	1	
189.989	984	52	106	
190.113	980	42	29	
190.237	934	24	-194	
190.361	794	20	-488	
190.485	556	21	-760	
190.609	278	-10	-912	
190.733	85	-56	-981	
190.857	-36	-102	-1008	
191.105	-100	-69	-1026	
191.369	-76	-30	-1001	
191.493	49	-14	-980	
191.617	253	5	-946	
191.741	482	34	-834	
191.865	717	38	-632	
191.99	877	50	-334	
192.113	966	37	-102	
192.377	981	45	-49	
192.501	933	44	-241	
192.625	810	26	-481	
192.749	584	26	-732	
192.873	336	12	-890	
192.997	81	4	-976	
193.121	-72	-22	-996	
193.385	-194	8	-1022	
194.209	-146	54	-1012	
194.333	8	72	-958	
194.457	328	53	-890	
194.581	633	14	-716	
194.705	889	-41	-506	
194.829	973	-57	-282	
195.093	984	-38	-172	
195.217	948	-37	-301	
195.345	866	-57	-477	
195.469	669	-32	-705	
195.593	432	-5	-844	
195.717	146	20	-948	
195.841	-77	-9	-969	
195.965	-237	-9	-988	
196.229	-280	53	-993	
196.913	-128	156	-956	
197.037	100	136	-912	
197.161	454	125	-726	
197.285	806	84	-450	
197.409	984	77	-189	
197.533	1000	53	-108	
197.657	946	78	-202	
197.781	796	76	-461	
197.905	568	121	-708	
198.029	265	98	-912	
198.153	34	96	-964	
198.277	-81	40	-1001	
198.681	-101	52	-1026	
198.949	-62	106	-1004	
199.073	28	128	-1005	
199.197	182	136	-922	
199.321	441	142	-761	
199.448	726	137	-521	
199.573	940	138	-312	
199.697	1005	128	-185	
199.821	970	146	-194	
199.945	896	164	-321	
200.069	686	146	-561	
200.196	382	88	-785	
200.317	37	22	-932	
200.441	-197	-5	-953	
200.565	-313	18	-1037	
200.689	-342	12	-1034	
200.813	-332	-5	-1073	
200.937	-292	-57	-1009	
201.061	-238	-76	-1025	
201.465	-54	-21	-966	
201.589	205	-21	-886	
201.713	588	-37	-649	
201.837	896	-30	-344	
201.961	1024	-30	-90	
202.085	1013	-12	-74	
202.209	972	-34	-276	
202.333	841	-18	-534	
202.457	576	-8	-761	
202.581	277	1	-913	
202.705	54	-4	-976	
203.389	-45	-4	-1009	
203.516	94	40	-957	
203.641	378	52	-828	
203.765	713	56	-540	
203.888	964	26	-257	
204.013	1042	-2	-29	
204.137	1017	-13	-53	
204.261	945	-36	-220	
204.385	797	-5	-486	
204.509	540	12	-721	
204.633	265	52	-876	
204.757	58	41	-950	
204.881	-46	40	-982	
205.425	-72	-28	-1028	
205.549	-6	-41	-994	
205.673	194	-46	-909	
205.796	529	-80	-718	
205.921	857	-60	-456	
206.045	997	-45	-208	
206.169	988	-2	-114	
206.293	1030	-16	-145	
206.417	898	-30	-401	
206.541	624	-36	-676	
206.665	205	-64	-926	
206.789	-14	-73	-1006	
206.913	-114	-101	-1006	
207.036	-138	-93	-1025	
207.441	-73	-44	-1009	
207.569	58	-49	-1014	
207.692	290	-8	-837	
207.817	569	44	-696	
207.94	798	121	-382	
208.064	930	150	-226	
208.189	966	122	-82	
208.313	894	129	-240	
208.437	701	122	-494	
208.56	509	152	-757	
208.685	314	33	-902	
208.809	170	10	-992	
208.933	21	-48	-1025	
209.057	-84	9	-1028	
209.46	-133	40	-1014	
209.585	-101	85	-998	
209.709	-1	137	-964	
209.833	217	173	-910	
209.957	474	201	-745	
210.081	776	201	-496	
210.205	922	190	-254	
210.329	1009	181	-236	
210.453	905	192	-444	
210.576	710	201	-680	
210.701	429	181	-874	
210.825	120	97	-936	
210.948	-52	28	-992	
211.496	-85	-21	-1026	
211.62	52	-30	-974	
211.745	309	-30	-893	
211.869	620	9	-702	
211.993	860	60	-444	
212.116	982	73	-210	
212.24	996	68	-164	
212.365	884	40	-357	
212.488	684	29	-620	
212.613	392	37	-845	
212.737	148	24	-949	
212.861	-26	25	-994	
213.529	-45	-60	-1018	
213.653	90	-40	-965	
213.777	298	6	-808	
213.901	650	42	-602	
214.025	880	53	-336	
214.149	1030	60	-192	
214.273	968	36	-153	
214.397	898	6	-352	
214.521	732	-29	-596	
214.645	524	-40	-832	
214.769	268	-57	-945	
214.893	76	-68	-998	
215.016	-38	-77	-1008	
215.42	-96	-45	-1028	
215.548	-61	-24	-1013	
215.673	48	25	-965	
215.796	185	98	-1068	
215.92	528	136	-890	
216.045	764	174	-609	
216.169	994	174	-148	
216.293	980	185	-40	
216.416	952	174	-182	
216.541	790	104	-461	
216.664	562	68	-753	
216.788	273	29	-925	
216.913	65	34	-990	
217.176	-69	36	-925	
217.3	-72	6	-945	
217.424	-84	-13	-932	
217.689	-106	-22	-1009	
217.812	12	-94	-989	
217.941	256	-97	-893	
218.065	589	-113	-685	
218.189	873	-53	-408	
218.312	996	-41	-197	
218.436	992	-34	-197	
218.561	829	-45	-418	
218.685	600	-50	-705	
218.809	294	-68	-905	
218.933	65	-57	-978	
219.057	-74	-62	-992	
219.568	-40	-76	-1008	
219.693	124	-62	-953	
219.817	348	-40	-852	
219.941	632	-18	-652	
220.065	864	2	-373	
220.189	992	30	-132	
220.312	1010	30	-69	
220.436	953	30	-246	
220.56	808	-6	-522	
220.685	558	-13	-769	
220.808	261	-48	-905	
220.932	25	-52	-969	
221.057	-105	-64	-1002	
221.6	-100	-49	-1004	
221.724	37	-68	-992	
221.848	294	-44	-881	
221.972	638	-37	-664	
222.097	898	16	-384	
222.22	1002	25	-196	
222.344	968	29	-213	
222.468	854	26	-406	
222.592	610	50	-674	
222.716	336	68	-877	
222.84	90	90	-969	
223.105	-37	57	-1016	
223.229	-93	29	-1020	
223.352	-137	-5	-1020	
223.74	-82	-26	-978	
223.865	85	-21	-942	
223.988	352	9	-857	
224.113	616	21	-712	
224.237	862	36	-448	
224.36	972	21	-240	
224.484	1008	42	-280	
224.608	885	37	-442	
224.733	678	44	-698	
224.857	393	36	-869	
224.98	132	24	-988	
225.104	-28	6	-1022	
225.369	-121	-30	-1052	
225.492	-105	-22	-1034	
225.616	-130	-10	-1048	
225.741	-130	54	-1022	
225.864	-65	74	-1061	
225.988	105	60	-986	
226.112	378	-5	-882	
226.237	604	-17	-637	
226.36	865	-8	-358	
226.484	953	9	-152	
226.609	1004	-33	-182	
226.733	889	-44	-378	
226.856	720	-68	-618	
226.981	453	-66	-761	
227.104	161	-97	-884	
227.228	-25	-92	-948	
227.896	-96	-28	-1010	
228.02	-40	1	-1006	
228.144	130	78	-1034	
228.268	366	102	-944	
228.392	632	184	-796	
228.516	781	188	-493	
228.64	904	220	-328	
228.764	913	205	-305	
228.888	790	217	-524	
229.012	566	192	-745	
229.137	292	129	-908	
229.261	78	62	-946	
229.384	-80	48	-974	
229.929	-72	8	-1028	
230.052	-30	22	-1008	
230.177	92	20	-974	
230.3	281	37	-917	
230.425	545	18	-773	
230.548	800	36	-552	
230.672	949	16	-292	
230.936	954	22	-204	
231.06	848	52	-456	
231.184	641	66	-704	
231.308	361	40	-905	
231.436	53	22	-970	
231.563	-130	13	-1009	
231.828	-182	-1	-1022	
232.233	-98	4	-1009	
232.356	53	22	-973	
232.48	290	72	-868	
232.604	601	73	-681	
232.728	848	68	-402	
232.853	976	50	-165	
232.977	1004	66	-72	
233.1	921	97	-221	
233.224	741	92	-496	
233.348	496	82	-770	
233.473	221	49	-917	
233.596	41	70	-978	
233.72	-80	62	-988	
233.844	-110	64	-1016	
234.389	-17	-38	-1014	
234.512	105	-29	-926	
234.636	341	-41	-865	
234.76	552	-29	-730	
234.884	809	-50	-534	
235.008	932	-45	-321	
235.133	1014	-58	-224	
235.256	905	-70	-384	
235.38	764	-61	-624	
235.504	522	-33	-781	
235.631	288	-17	-878	
235.756	81	-22	-925	
235.88	-25	-61	-1057	
236.005	-68	-69	-1054	
236.408	-13	-100	-1006	
236.532	105	-101	-969	
236.656	366	-118	-906	
236.78	642	-78	-741	
236.904	769	-13	-912	
237.03	866	30	-662	
237.152	872	28	-620	
237.276	873	-24	-357	
237.4	661	-18	-650	
237.524	385	-14	-870	
237.649	117	-8	-981	
237.772	-29	-34	-978	
238.456	-8	-74	-1016	
238.58	130	-61	-985	
238.704	364	-49	-856	
238.828	665	-24	-654	
238.952	872	4	-392	
239.216	961	36	-292	
239.34	836	32	-470	
239.464	637	17	-701	
239.588	382	14	-878	
239.715	176	-18	-988	
239.843	-38	-14	-1010	
240.244	-142	-14	-1024	
240.789	24	13	-1005	
240.912	205	33	-956	
241.036	497	52	-818	
241.16	712	76	-628	
241.284	869	56	-444	
241.548	880	28	-444	
241.672	741	61	-517	
241.796	505	80	-712	
241.92	224	85	-834	
242.044	0	82	-1000	
242.728	-81	-6	-1017	
242.852	18	-36	-1001	
242.976	214	-62	-936	
243.1	452	-65	-817	
243.224	720	-69	-620	
243.348	886	-34	-400	
243.612	921	13	-364	
243.736	762	17	-594	
243.86	542	33	-820	
243.987	308	25	-948	
244.112	104	17	-997	
244.236	-24	-12	-1021	
244.78	-58	21	-1020	
244.904	-16	37	-1014	
245.032	112	60	-941	
245.156	333	72	-874	
245.28	598	110	-736	
245.404	793	136	-605	
245.528	898	126	-432	
245.652	912	114	-388	
245.776	836	86	-474	
245.9	676	77	-673	
246.024	462	68	-842	
246.148	265	40	-945	
246.272	122	22	-981	
246.397	26	4	-1004	
247.22	-97	5	-1022	
247.344	-9	-4	-1021	
247.468	153	-2	-1006	
247.592	372	20	-924	
247.716	585	52	-789	
247.84	782	53	-617	
247.964	862	20	-488	
248.088	821	16	-500	
248.216	669	50	-645	
248.34	488	104	-834	
248.464	290	96	-982	
248.588	101	48	-1005	
248.712	-20	1	-1022	
249.396	2	-30	-989	
249.521	162	-44	-953	
249.644	402	-22	-868	
249.768	598	6	-773	
249.892	768	32	-626	
250.016	857	16	-494	
250.281	888	1	-490	
250.404	718	4	-669	
250.528	485	12	-837	
250.652	253	-10	-941	
250.776	108	-25	-986	
250.9	14	-45	-1017	
251.568	-54	-37	-1061	
251.692	-24	-30	-1034	
251.816	85	-5	-1018	
251.94	312	1	-948	
252.064	544	37	-792	
252.188	774	65	-584	
252.455	877	74	-438	
252.58	749	40	-593	
252.704	558	-5	-770	
252.828	369	-69	-898	
252.953	184	-117	-968	
253.077	90	-141	-1005	
253.9	45	-108	-1018	
254.024	166	-112	-962	
254.148	373	-89	-872	
254.272	570	-36	-688	
254.396	797	0	-505	
254.52	925	21	-325	
254.644	962	21	-325	
254.768	869	10	-477	
254.892	670	-8	-701	
255.016	417	-32	-874	
255.14	178	-53	-961	
255.264	36	-88	-1016	
255.388	-26	-122	-1030	
256.072	-94	-118	-953	
256.196	1	-106	-928	
256.32	197	-84	-886	
256.444	402	-21	-841	
256.568	637	18	-720	
256.696	780	56	-537	
256.824	902	64	-453	
256.948	817	6	-446	
257.072	696	-46	-604	
257.196	462	-94	-777	
257.32	282	-88	-914	
257.444	49	-89	-990	
257.568	-113	-110	-1014	
258.252	-136	-146	-1022	
258.376	-33	-144	-986	
258.5	150	-149	-942	
258.624	392	-130	-836	
258.748	621	-81	-704	
258.872	794	-30	-537	
258.996	906	-16	-418	
259.12	929	-21	-437	
259.244	842	-25	-604	
259.368	622	-52	-800	
259.492	333	-73	-928	
259.616	53	-80	-964	
259.74	-105	-118	-988	
260.004	-126	-168	-1025	
260.128	-106	-152	-986	
260.252	-81	-140	-1005	
260.516	-53	-120	-1029	
260.64	69	-73	-1025	
260.768	190	-36	-946	
260.896	378	-77	-905	
261.02	445	-140	-816	
261.144	572	-168	-838	
261.268	602	-170	-780	
261.392	676	-161	-760	
261.656	644	-189	-830	
261.78	541	-204	-936	
261.904	360	-209	-1006	
262.028	158	-214	-1010	
262.152	16	-189	-990	
262.276	-20	-168	-996	
262.4	-13	-129	-1006	
262.664	6	-112	-1029	
262.788	90	-65	-1056	
262.912	214	1	-1045	
263.036	346	46	-989	
263.16	482	64	-876	
263.284	582	76	-757	
263.408	670	85	-673	
263.532	713	120	-640	
263.656	713	129	-662	
263.78	664	140	-708	
263.904	565	109	-813	
264.028	400	50	-909	
264.152	198	18	-945	
264.276	66	2	-970	
264.4	-10	25	-974	
265.068	9	18	-1042	
265.192	38	46	-1018	
265.316	140	66	-994	
265.44	277	82	-912	
265.568	470	92	-814	
265.692	592	93	-716	
265.816	692	84	-680	
265.94	717	42	-678	
266.064	740	10	-740	
266.188	656	-20	-785	
266.312	496	-32	-890	
266.436	226	-68	-942	
266.56	-8	-68	-997	
266.684	-164	-68	-1001	
266.948	-192	-57	-1038	
267.072	-146	-76	-1044	
267.196	-108	-113	-1016	
267.32	-58	-137	-990	
267.444	32	-148	-985	
267.568	200	-98	-956	
267.692	441	-46	-858	
267.816	666	-21	-697	
267.94	833	-28	-542	
268.204	828	-61	-521	
268.328	680	-76	-669	
268.452	453	-104	-837	
268.579	221	-121	-933	
268.704	53	-157	-996	
269.528	49	-69	-1001	
269.652	241	-48	-952	
269.776	486	-30	-820	
269.9	733	-16	-605	
270.024	896	8	-357	
270.148	988	24	-198	
270.272	984	1	-169	
270.396	941	-20	-308	
270.52	854	-76	-505	
270.644	706	-96	-720	
270.768	493	-133	-848	
270.892	274	-118	-938	
271.016	78	-126	-969	
271.14	-32	-126	-998	
271.824	-78	-146	-1010	
271.948	-2	-133	-998	
272.072	134	-121	-969	
272.196	310	-86	-909	
272.32	522	-62	-794	
272.445	733	-32	-605	
272.568	892	4	-417	
272.692	962	17	-286	
272.819	957	32	-282	
272.948	898	17	-392	
273.072	778	2	-549	
273.196	618	-29	-728	
273.32	421	-73	-860	
273.444	249	-100	-962	
273.568	80	-118	-1000	
273.692	-25	-144	-1006	
274.096	-90	-193	-1005	
274.36	-4	-204	-997	
274.484	144	-209	-961	
274.608	330	-202	-908	
274.732	528	-174	-780	
274.856	697	-162	-614	
274.98	849	-118	-434	
275.104	914	-101	-308	
275.228	942	-97	-277	
275.352	910	-114	-346	
275.476	824	-150	-493	
275.6	689	-170	-660	
275.724	481	-201	-813	
275.848	280	-205	-918	
275.972	100	-200	-977	
276.096	0	-193	-994	
276.923	-129	-149	-994	
277.049	-26	-152	-982	
277.172	169	-162	-965	
277.296	400	-164	-890	
277.42	617	-132	-748	
277.544	788	-74	-517	
277.668	905	-45	-338	
277.932	954	-60	-266	
278.056	930	-62	-382	
278.18	789	-53	-544	
278.304	585	-29	-740	
278.428	338	-30	-892	
278.552	152	-60	-1000	
278.676	18	-82	-1025	
278.8	-104	-89	-1017	
279.484	-77	-85	-1008	
279.607	65	-84	-1001	
279.732	266	-70	-949	
279.856	493	-48	-834	
279.98	710	-18	-658	
280.104	870	-4	-472	
280.228	934	6	-353	
280.352	924	-2	-356	
280.476	858	10	-466	
280.6	713	-1	-666	
280.724	528	20	-805	
280.848	332	-20	-918	
280.976	125	-53	-970	
281.1	-32	-74	-1013	
281.224	-138	-38	-1029	
281.488	-165	6	-1012	
281.752	-122	-13	-1014	
281.876	-24	-16	-1013	
282	124	-45	-1012	
282.124	269	-66	-1008	
282.247	433	-73	-902	
282.372	649	-84	-701	
282.496	833	-62	-460	
282.76	889	-28	-382	
282.884	808	-58	-597	
283.008	629	-77	-813	
283.132	402	-102	-945	
283.256	137	-90	-989	
283.38	-25	-65	-1002	
283.924	-72	29	-1017	
284.048	-37	56	-1012	
284.172	36	66	-1016	
284.296	206	49	-956	
284.419	437	29	-840	
284.544	692	20	-648	
284.668	858	10	-450	
284.932	872	-46	-448	
285.059	722	-56	-638	
285.184	510	-77	-812	
285.308	270	-56	-897	
285.432	116	-85	-958	
285.556	-1	-78	-993	
285.96	-61	-82	-1024	
286.364	0	-6	-996	
286.488	154	28	-982	
286.611	360	34	-916	
286.736	554	20	-773	
286.86	726	-34	-600	
286.984	849	-56	-476	
287.108	868	-69	-493	
287.231	794	-61	-593	
287.356	633	-56	-761	
287.48	445	-6	-897	
287.604	200	54	-986	
287.728	40	73	-1024	
287.992	-38	42	-1022	
288.396	8	34	-1013	
288.52	121	30	-973	
288.644	296	32	-870	
288.768	533	18	-729	
288.892	742	14	-518	
289.016	905	2	-337	
289.142	954	-1	-250	
289.268	932	1	-338	
289.392	796	-16	-536	
289.516	590	-34	-740	
289.64	280	-32	-900	
289.764	61	-49	-986	
290.307	-56	-36	-1032	
290.432	66	-26	-1004	
290.556	256	-8	-928	
290.68	512	24	-782	
290.803	726	49	-582	
290.927	906	69	-444	
291.052	957	89	-353	
291.176	910	89	-424	
291.299	750	74	-557	
291.424	548	44	-760	
291.548	294	38	-896	
291.672	81	22	-972	
292.356	-64	-38	-1042	
292.479	68	-36	-1017	
292.604	282	-32	-949	
292.728	528	-13	-772	
292.851	765	1	-536	
292.975	913	21	-297	
293.239	940	25	-249	
293.367	813	0	-478	
293.491	568	-42	-728	
293.615	305	-76	-894	
293.74	50	-85	-961	
293.864	-77	-68	-994	
294.407	-94	-37	-1024	
294.531	-22	-9	-1012	
294.655	160	2	-978	
294.779	409	-5	-865	
294.903	666	-5	-624	
295.027	886	6	-332	
295.291	1024	21	-232	
295.416	862	13	-493	
295.539	613	-28	-769	
295.664	249	-58	-942	
295.788	-4	-82	-1000	
296.472	-68	-66	-1025	
296.595	45	-65	-992	
296.719	280	-69	-913	
296.843	580	-60	-768	
296.968	809	-46	-540	
297.092	940	-21	-337	
297.216	981	-17	-249	
297.34	938	-46	-362	
297.467	758	-106	-609	
297.591	437	-136	-836	
297.716	113	-113	-978	
297.84	-89	-68	-1008	
298.383	-61	-76	-1021	
298.507	52	-78	-1001	
298.632	249	-112	-937	
298.755	480	-108	-806	
298.879	696	-82	-642	
299.003	846	-42	-460	
299.128	949	-6	-365	
299.251	1068	85	125	
299.375	973	76	-56	
299.499	772	50	-234	
299.623	426	-68	-892	
299.747	218	-70	-954	
299.871	72	-72	-1012	
300.276	49	-56	-1002	
300.399	210	-58	-962	
300.523	452	-72	-834	
300.647	677	-80	-638	
300.771	844	-66	-401	
300.895	936	-30	-197	
301.02	977	-6	-76	
301.144	972	-9	-114	
301.267	888	-10	-301	
301.391	706	-42	-601	
301.52	417	-65	-838	
301.643	146	-85	-974	
301.767	-42	-76	-1005	
302.312	-33	-6	-1017	
302.435	96	53	-1010	
302.559	297	89	-913	
302.683	505	89	-706	
302.807	729	76	-476	
302.931	861	85	-318	
303.055	910	118	-364	
303.18	769	118	-522	
303.303	474	81	-760	
303.427	166	60	-925	
303.551	-41	9	-985	
303.675	-80	-57	-1006	
304.079	-30	-118	-1020	
304.203	80	-116	-973	
304.327	322	-98	-868	
304.451	609	-81	-654	
304.575	856	-62	-440	
304.699	962	-54	-322	
304.823	922	-70	-434	
304.947	718	-56	-646	
305.072	416	-104	-848	
305.196	109	-104	-954	
305.319	-58	-136	-998	
305.567	-42	-98	-1013	
305.691	81	-76	-1026	
305.815	278	-68	-952	
305.939	488	-14	-833	
306.063	705	-4	-628	
306.188	841	36	-472	
306.312	914	12	-372	
306.435	928	-12	-336	
306.559	909	-42	-361	
306.684	858	-56	-434	
306.807	784	-77	-542	
306.932	641	-125	-686	
307.055	492	-164	-805	
307.179	305	-142	-914	
307.303	144	-101	-981	
307.427	13	-58	-1020	
308.111	-82	-10	-1048	
308.235	54	0	-992	
308.359	276	9	-904	
308.483	572	36	-733	
308.607	772	85	-530	
308.731	885	122	-346	
308.855	928	104	-277	
308.979	897	78	-354	
309.103	769	45	-540	
309.227	549	-4	-754	
309.469	250	-46	-916	
309.49	9	-57	-1008	
309.883	-120	-62	-1025	
310.287	2	-16	-980	
310.411	192	-28	-949	
310.535	460	-25	-856	
310.659	670	2	-689	
310.784	842	10	-478	
311.048	906	-34	-404	
311.171	792	-24	-597	
311.295	578	-37	-814	
311.419	325	-52	-972	
311.543	53	-46	-1009	
311.667	-96	-29	-1010	
312.072	-85	-29	-1022	
312.195	72	-37	-1026	
312.32	269	-48	-966	
312.444	512	-41	-870	
312.567	676	-46	-704	
312.691	821	-49	-569	
312.815	874	-58	-466	
312.939	866	-45	-437	
313.063	828	-18	-506	
313.187	702	-20	-638	
313.311	490	-13	-801	
313.435	180	-20	-908	
313.562	-36	-30	-1000	
313.688	-121	-52	-1016	
314.091	-1	-98	-1012	
314.215	45	-81	-998	
314.339	145	-46	-996	
314.463	257	0	-926	
314.587	474	12	-798	
314.711	670	12	-588	
314.835	852	6	-406	
314.959	928	8	-322	
315.083	897	-28	-440	
315.207	718	-62	-652	
315.332	430	-97	-876	
315.455	150	-84	-969	
315.58	-49	-61	-1016	
315.983	-40	-37	-1018	
316.135	110	-18	-984	
316.231	337	1	-941	
316.355	538	29	-833	
316.479	696	37	-672	
316.603	809	21	-512	
316.727	869	16	-397	
316.851	908	8	-401	
316.976	852	10	-489	
317.099	724	-28	-630	
317.223	576	-41	-813	
317.347	381	-25	-930	
317.471	180	-25	-1016	
317.599	16	-40	-1009	
318.283	68	-48	-1005	
318.407	280	2	-950	
318.531	541	13	-793	
318.655	784	18	-597	
318.78	910	1	-385	
319.043	936	-16	-336	
319.167	809	-37	-521	
319.291	604	-74	-736	
319.415	365	-77	-916	
319.539	141	-106	-1000	
319.663	0	-112	-1025	
320.347	-9	-106	-1030	
320.472	94	-33	-1012	
320.595	288	-20	-996	
320.719	506	-14	-862	
320.843	701	-65	-666	
320.967	864	-38	-428	
321.091	932	-13	-270	
321.215	957	-25	-292	
321.339	861	-61	-429	
321.463	669	-97	-670	
321.587	377	-85	-866	
321.714	81	-77	-986	
322.399	-33	-52	-1024	
322.523	81	-24	-1002	
322.647	292	0	-916	
322.771	554	5	-792	
322.895	766	20	-609	
323.019	910	32	-428	
323.143	952	48	-298	
323.267	936	49	-276	
323.391	829	36	-401	
323.515	662	4	-612	
323.639	437	-30	-849	
323.763	196	-21	-962	
323.888	-8	12	-1008	
324.152	-136	-9	-1037	
324.555	84	-20	-1060	
324.679	296	-32	-985	
324.804	566	-36	-808	
324.927	764	-4	-577	
325.051	894	30	-374	
325.175	986	82	-278	
325.299	986	86	-320	
325.423	900	70	-460	
325.547	705	32	-637	
325.671	456	-22	-818	
325.795	160	-26	-968	
325.923	-26	-60	-1029	
326.467	-34	-12	-1006	
326.591	37	20	-1001	
326.715	230	38	-937	
326.839	518	45	-785	
326.963	774	46	-554	
327.087	929	57	-350	
327.351	937	48	-286	
327.475	833	42	-473	
327.599	662	57	-692	
327.723	418	69	-894	
327.847	178	86	-984	
327.971	29	53	-1024	
328.515	9	21	-1014	
328.639	172	20	-984	
328.763	416	12	-881	
328.887	658	18	-728	
329.011	822	33	-514	
329.135	946	74	-353	
329.259	962	76	-274	
329.383	930	90	-357	
329.507	765	77	-530	
329.631	546	58	-764	
329.755	245	26	-922	
329.879	26	-6	-1009	
330.147	-85	-50	-1036	
330.411	-53	-26	-1048	
330.675	21	26	-1018	
330.799	241	-12	-957	
330.923	510	-14	-768	
331.047	770	5	-514	
331.171	906	45	-229	
331.435	966	52	-177	
331.559	856	86	-418	
331.683	624	80	-690	
331.807	317	61	-868	
331.931	96	1	-977	
332.055	-22	-18	-1021	
332.459	26	-41	-1010	
332.583	148	-34	-956	
332.707	369	-28	-853	
332.831	644	-5	-678	
332.955	844	26	-397	
333.079	948	29	-137	
333.343	974	14	12	
333.467	966	5	-101	
333.591	910	-4	-302	
333.715	732	-22	-558	
333.839	478	-56	-788	
333.963	204	-72	-944	
334.09	65	-85	-1008	
334.776	-18	5	-1036	
334.899	122	32	-1010	
335.023	360	25	-925	
335.147	646	24	-732	
335.271	861	45	-472	
335.395	949	89	-236	
335.52	974	98	-172	
335.643	905	70	-304	
335.767	774	48	-556	
335.891	560	-1	-798	
336.015	292	-2	-941	
336.139	88	-20	-1014	
336.823	64	24	-1028	
336.947	249	46	-980	
337.071	498	50	-837	
337.195	717	46	-658	
337.319	846	50	-448	
337.443	917	77	-269	
337.567	938	96	-200	
337.691	900	76	-290	
337.815	793	18	-490	
337.939	586	-20	-736	
338.063	334	-17	-912	
338.187	104	-9	-1020	
339.015	70	-5	-1021	
339.139	266	-28	-912	
339.263	573	-49	-754	
339.387	797	-36	-532	
339.511	934	6	-313	
339.775	938	13	-214	
339.899	814	-44	-422	
340.023	552	-77	-696	
340.147	246	-72	-892	
340.271	28	-68	-978	
340.395	-73	-97	-1002	
340.799	-72	-61	-1021	
340.923	12	-69	-1057	
341.047	137	-58	-1034	
341.172	325	-52	-962	
341.295	544	-5	-772	
341.419	756	4	-528	
341.543	906	2	-316	
341.667	960	0	-177	
341.791	957	-20	-198	
341.915	905	-25	-328	
342.039	762	-30	-564	
342.163	530	-6	-788	
342.287	248	8	-938	
342.414	28	13	-1002	
343.099	-65	-41	-1024	
343.223	98	-89	-1006	
343.347	354	-92	-909	
343.471	665	-78	-728	
343.595	857	-13	-470	
343.719	966	25	-270	
343.983	916	73	-292	
344.107	765	20	-493	
344.231	540	-21	-738	
344.355	281	-70	-901	
344.479	62	-60	-998	
345.163	-32	-58	-1014	
345.287	89	-74	-985	
345.411	280	-57	-930	
345.535	517	-20	-800	
345.659	730	53	-578	
345.783	893	84	-273	
345.907	976	90	-70	
346.031	994	81	-33	
346.155	941	106	-230	
346.279	812	104	-478	
346.403	584	92	-745	
346.527	296	44	-898	
346.655	48	4	-1001	
347.339	-62	-52	-1029	
347.463	77	-32	-1009	
347.587	318	2	-924	
347.711	594	29	-724	
347.835	804	46	-429	
347.959	934	48	-109	
348.083	969	58	84	
348.207	985	54	133	
348.331	945	49	-61	
348.455	824	28	-362	
348.579	574	16	-686	
348.703	240	32	-888	
348.827	10	28	-989	
349.355	-38	40	-1021	
349.479	85	81	-997	
349.603	292	145	-933	
349.727	601	138	-745	
349.851	836	150	-500	
349.975	961	110	-282	
350.099	944	110	-254	
350.223	862	114	-382	
350.347	674	130	-618	
350.471	410	141	-818	
350.595	124	110	-948	
350.722	-62	86	-1012	
351.267	-45	24	-1010	
351.391	113	0	-986	
351.515	353	-25	-898	
351.639	613	-16	-698	
351.763	826	-2	-436	
351.887	936	-1	-257	
352.011	949	-37	-258	
352.135	870	-53	-422	
352.259	680	-77	-637	
352.383	402	-70	-837	
352.507	93	-60	-954	
353.191	32	-62	-1012	
353.315	258	-73	-976	
353.439	548	-93	-792	
353.563	797	-72	-478	
353.687	940	-26	-117	
353.951	958	-6	-74	
354.075	805	-33	-393	
354.199	520	-37	-720	
354.323	189	-46	-926	
354.447	-14	-68	-1016	
354.994	2	-93	-1028	
355.119	182	-106	-977	
355.243	465	-136	-888	
355.367	745	-88	-626	
355.491	933	-28	-266	
355.615	1016	12	24	
355.739	1008	10	66	
355.863	932	-10	-177	
355.987	733	-10	-509	
356.111	422	-2	-813	
356.235	118	5	-981	
356.359	-32	-20	-1045	
356.763	-42	-5	-1028	
356.887	1	9	-1037	
357.011	161	24	-993	
357.135	406	-8	-892	
357.259	650	-34	-669	
357.383	840	-37	-416	
357.507	945	-13	-202	
357.771	948	60	-208	
357.895	784	34	-449	
358.019	492	5	-730	
358.143	156	-53	-932	
358.267	-58	-62	-1017	
358.951	26	-70	-1009	
359.075	225	-38	-957	
359.203	502	-5	-774	
359.327	752	17	-506	
359.451	916	25	-224	
359.575	982	56	-106	
359.699	998	76	-157	
359.823	898	88	-362	
359.947	660	36	-618	
360.071	302	-14	-856	
360.194	-10	-57	-989	
360.443	-133	-100	-1030	
360.707	-68	-117	-1001	
360.831	-57	-70	-1008	
361.095	22	-26	-1032	
361.219	180	-12	-968	
361.343	430	9	-778	
361.467	700	40	-482	
361.591	897	26	-216	
361.714	982	30	-122	
361.839	976	57	-205	
361.963	857	57	-413	
362.086	672	29	-654	
362.211	374	-42	-856	
362.335	128	-70	-968	
362.458	-38	-86	-1017	
362.723	-78	-45	-1030	
362.987	-1	36	-1026	
363.114	134	70	-990	
363.239	346	126	-849	
363.363	653	133	-641	
363.487	856	124	-418	
363.611	950	124	-309	
363.735	881	113	-369	
363.859	738	110	-568	
363.983	488	74	-765	
364.107	173	85	-906	
364.231	-54	60	-969	
365.055	77	0	-988	
365.179	308	49	-872	
365.302	614	86	-682	
365.426	837	81	-460	
365.551	952	50	-292	
365.674	973	28	-225	
365.799	906	30	-366	
365.925	681	25	-590	
366.047	333	4	-832	
366.171	33	-13	-965	
366.715	-64	-42	-1034	
366.839	-45	-34	-1025	
366.963	62	-40	-996	
367.086	289	-9	-908	
367.211	568	4	-730	
367.338	797	6	-484	
367.463	928	-13	-293	
367.727	948	-29	-333	
367.851	804	-13	-546	
367.975	560	-26	-781	
368.098	217	-36	-949	
368.222	-25	-53	-1012	
369.046	18	-21	-1029	
369.17	196	-4	-940	
369.294	446	-5	-760	
369.419	712	45	-476	
369.542	874	53	-241	
369.667	980	78	-165	
369.79	946	76	-258	
369.915	789	57	-536	
370.038	489	49	-782	
370.162	180	5	-977	
370.286	-8	-20	-1030	
371.11	97	-80	-984	
371.235	340	-70	-888	
371.359	589	-26	-656	
371.483	812	-20	-413	
371.609	920	1	-241	
371.734	948	-1	-284	
371.859	845	0	-469	
371.982	568	-45	-706	
372.107	234	-85	-898	
372.231	-12	-124	-1006	
372.355	-110	-126	-1030	
372.619	-74	-92	-1022	
373.022	58	-52	-1009	
373.146	274	-16	-928	
373.271	572	34	-704	
373.395	813	80	-420	
373.519	958	92	-185	
373.642	981	69	-172	
373.766	894	46	-357	
373.891	665	24	-617	
374.015	348	0	-852	
374.138	53	-42	-972	
374.962	-49	-44	-1040	
375.086	25	-62	-1038	
375.211	246	-117	-950	
375.335	521	-122	-757	
375.459	796	-74	-482	
375.582	925	12	-258	
375.706	957	42	-241	
375.834	861	17	-412	
375.958	641	1	-670	
376.082	322	-38	-873	
376.206	53	-42	-976	
376.331	-88	-61	-1004	
376.455	-132	-46	-1020	
376.578	-114	-57	-1029	
376.702	-82	-61	-1036	
377.246	53	-24	-1036	
377.371	218	-40	-988	
377.495	489	-42	-826	
377.618	729	-28	-533	
377.743	906	-12	-253	
377.867	985	-9	-97	
377.991	990	-42	-170	
378.114	865	-52	-389	
378.238	620	-24	-656	
378.363	273	-45	-914	
378.487	25	-74	-1029	
378.61	-109	-132	-1064	
379.154	-60	-65	-1021	
379.278	53	-9	-989	
379.402	273	44	-908	
379.526	548	89	-701	
379.65	768	138	-457	
379.777	914	168	-250	
379.902	968	169	-257	
380.027	890	129	-432	
380.15	674	114	-666	
380.275	381	74	-869	
380.398	76	56	-966	
381.222	-29	-5	-1009	
381.346	150	-41	-1006	
381.471	414	-12	-858	
381.594	710	25	-598	
381.718	898	86	-304	
381.842	944	104	-238	
381.966	694	46	-476	
382.09	412	2	-742	
382.214	106	-62	-958	
382.338	24	-68	-996	
382.882	-42	-81	-1028	
383.006	98	-60	-1020	
383.13	360	-30	-920	
383.254	670	-1	-669	
383.378	897	52	-340	
383.642	968	70	-208	
383.766	825	24	-460	
383.89	568	-66	-736	
384.018	258	-94	-905	
384.142	24	-142	-988	
384.266	-66	-148	-1004	
384.53	-34	-158	-1021	
384.794	-1	-125	-1010	
384.918	170	-105	-946	
385.042	493	-76	-820	
385.166	760	-20	-621	
385.29	936	17	-434	
385.554	884	48	-440	
385.678	742	22	-614	
385.803	526	-12	-814	
385.926	237	-30	-942	
386.05	61	-32	-1012	
386.594	-16	-36	-1010	
386.718	177	-45	-974	
386.846	466	-90	-834	
386.97	744	-76	-600	
387.094	906	-45	-337	
387.358	926	33	-281	
387.484	804	20	-526	
387.606	513	4	-760	
387.731	150	-41	-922	
387.854	-113	-76	-982	
387.978	-192	-102	-1022	
388.506	-41	-40	-1017	
388.63	41	-2	-1008	
388.754	249	57	-932	
388.878	518	122	-785	
389.002	768	154	-568	
389.127	894	161	-394	
389.25	909	173	-362	
389.374	818	149	-514	
389.498	616	134	-709	
389.622	364	88	-880	
389.746	145	78	-972	
389.87	25	60	-1025	
390.554	81	-22	-994	
390.678	265	-33	-916	
390.802	500	-26	-766	
390.926	706	-9	-590	
391.05	865	5	-422	
391.174	937	-5	-364	
391.298	873	-28	-466	
391.422	702	-48	-657	
391.546	477	-42	-836	
391.671	248	-2	-937	
391.794	76	13	-1002	
392.058	-74	-32	-1064	
392.182	-70	-82	-1053	
392.45	-53	-69	-1026	
392.574	-34	-36	-1038	
392.699	93	-25	-1045	
392.822	258	-20	-962	
392.946	482	1	-785	
393.07	712	18	-552	
393.194	873	12	-372	
393.318	985	6	-276	
393.442	941	-4	-334	
393.566	848	-20	-518	
393.69	616	-42	-724	
393.814	352	-58	-878	
393.938	88	-65	-965	
394.063	-44	-81	-1025	
394.886	-12	-40	-1038	
395.011	125	-25	-981	
395.134	360	-32	-854	
395.258	616	-42	-632	
395.382	862	-60	-404	
395.506	958	-42	-241	
395.63	976	-29	-249	
395.754	850	-50	-414	
395.878	624	-96	-648	
396.002	290	-108	-849	
396.126	37	-112	-973	
396.794	-40	-82	-1025	
396.918	64	-73	-994	
397.042	277	-57	-918	
397.166	546	-22	-750	
397.29	774	-9	-492	
397.554	748	-18	-317	
397.678	696	8	-486	
397.802	594	30	-661	
397.926	505	48	-812	
398.05	229	34	-926	
398.174	20	12	-996	
398.998	5	-24	-1024	
399.122	129	-41	-1014	
399.246	342	-61	-945	
399.37	578	-46	-776	
399.494	774	-16	-505	
399.618	900	20	-254	
399.742	969	26	-94	
399.866	988	40	-70	
399.99	973	44	-150	
400.115	865	40	-370	
400.238	644	2	-633	
400.362	329	-30	-862	
400.486	62	-60	-976	
401.315	-58	-40	-1018	
401.438	66	-17	-1028	
401.562	280	45	-970	
401.686	549	76	-792	
401.81	784	104	-486	
401.934	930	74	-229	
402.058	986	60	-166	
402.182	962	60	-284	
402.306	861	70	-486	
402.43	657	45	-685	
402.554	348	9	-872	
402.678	117	-20	-988	
403.362	-10	32	-1008	
403.486	149	49	-969	
403.61	433	10	-933	
403.734	690	-14	-789	
403.858	864	-17	-586	
403.982	918	24	-372	
404.106	933	29	-325	
404.23	896	50	-432	
404.354	790	40	-561	
404.478	617	21	-726	
404.602	378	-25	-850	
404.728	158	-14	-965	
405.15	-36	-12	-1025	
405.414	-50	-17	-1037	
405.539	5	-10	-1038	
405.662	170	0	-988	
405.786	406	-2	-837	
405.91	717	16	-577	
406.034	910	61	-306	
406.158	976	124	-144	
406.282	954	168	-137	
406.406	893	164	-266	
406.53	778	113	-502	
406.654	512	44	-741	
406.778	148	-5	-886	
406.902	-132	-41	-988	
407.166	-241	-48	-1033	
407.29	-192	-45	-1004	
407.554	-77	-48	-992	
407.678	112	-22	-958	
407.802	424	-4	-810	
407.926	724	-22	-600	
408.05	909	-33	-344	
408.298	962	-8	-209	
408.422	904	-12	-344	
408.546	765	-22	-554	
408.67	510	-38	-778	
408.797	221	-38	-914	
408.922	-8	-50	-997	
409.186	-125	-41	-1025	
409.45	-38	-61	-1036	
409.574	74	-57	-1018	
409.698	322	-54	-809	
409.822	594	-14	-598	
409.946	840	-10	-330	
410.07	941	18	-214	
410.334	969	38	-113	
410.458	945	33	-238	
410.582	824	21	-464	
410.706	570	22	-725	
410.831	264	16	-924	
410.954	32	6	-1017	
411.078	-89	-14	-1025	
411.763	-53	-25	-1016	
411.886	78	-9	-997	
412.01	324	-14	-920	
412.134	626	2	-692	
412.258	858	5	-394	
412.382	969	32	-130	
412.506	960	65	-138	
412.63	896	65	-289	
412.754	737	69	-566	
412.881	526	5	-768	
413.006	230	-8	-920	
413.13	10	-33	-998	
414.094	-5	-2	-1029	
414.219	94	14	-1013	
414.342	234	30	-988	
414.466	406	38	-916	
414.59	592	50	-777	
414.714	766	40	-596	
414.838	876	40	-434	
415.102	914	25	-358	
415.226	828	33	-454	
415.351	606	54	-657	
415.474	297	45	-853	
415.598	44	-5	-978	
415.722	-76	-68	-1012	
416.546	-6	-73	-1073	
416.671	118	-76	-1054	
416.794	332	-40	-950	
416.918	588	2	-724	
417.042	806	34	-492	
417.166	954	25	-294	
417.434	984	25	-222	
417.558	886	53	-385	
417.682	689	36	-626	
417.806	393	17	-844	
417.93	108	-30	-992	
418.754	-41	-18	-1028	
418.878	50	-14	-1014	
419.002	264	-14	-952	
419.126	549	-16	-792	
419.25	788	0	-538	
419.374	922	13	-302	
419.638	964	40	-149	
419.762	940	41	-240	
419.886	836	44	-430	
420.01	644	29	-664	
420.134	374	5	-858	
420.258	108	-1	-968	
421.222	5	-18	-1012	
421.346	241	-30	-932	
421.47	546	-33	-745	
421.594	804	1	-460	
421.722	953	22	-156	
421.846	993	32	14	
421.97	989	40	50	
422.094	970	37	-42	
422.218	918	42	-212	
422.342	744	34	-484	
422.466	464	30	-753	
422.59	118	21	-950	
422.714	-77	8	-1012	
423.258	-69	-36	-1038	
423.382	-36	-80	-1030	
423.646	138	-146	-976	
423.77	384	-138	-846	
423.894	672	-88	-581	
424.018	885	-57	-298	
424.142	966	-28	-156	
424.266	977	-37	-229	
424.39	850	-56	-434	
424.514	634	-78	-692	
424.638	324	-82	-892	
424.762	108	-69	-1014	
424.886	-37	-52	-1020	
425.43	-109	-18	-1024	
425.554	-44	33	-992	
425.678	154	57	-962	
425.806	384	61	-862	
425.93	648	17	-708	
426.054	813	17	-488	
426.178	937	30	-306	
426.442	945	61	-262	
426.566	873	60	-413	
426.69	708	46	-613	
426.814	416	33	-820	
426.938	146	10	-954	
427.622	48	8	-1005	
427.746	232	16	-926	
427.87	505	14	-789	
427.994	758	2	-580	
428.118	921	17	-372	
428.366	948	77	-332	
428.49	772	69	-540	
428.614	492	36	-800	
428.738	161	22	-956	
429.702	14	-18	-1022	
429.826	136	-28	-1005	
429.95	357	-24	-906	
430.074	622	-5	-708	
430.202	826	22	-421	
430.326	937	38	-186	
430.45	958	32	-126	
430.574	894	9	-278	
430.699	733	-8	-540	
430.822	465	-8	-732	
430.946	204	-38	-873	
431.07	34	-65	-944	
431.754	-1	-40	-1029	
431.878	189	14	-934	
432.002	456	50	-804	
432.126	722	45	-606	
432.25	868	25	-432	
432.514	928	16	-321	
432.638	836	34	-470	
432.762	646	22	-686	
432.886	446	-21	-877	
433.01	156	-76	-984	
433.138	-21	-92	-1018	
433.262	-134	-45	-1026	
433.806	-4	-13	-1032	
433.93	104	20	-1050	
434.054	361	37	-944	
434.178	648	74	-696	
434.305	880	54	-356	
434.43	964	49	-108	
434.554	976	38	-64	
434.682	950	21	-204	
434.806	820	16	-469	
434.93	589	41	-688	
435.054	285	60	-870	
435.178	74	60	-957	
435.722	18	-16	-1026	
435.846	158	-52	-1069	
435.97	370	-44	-952	
436.094	580	-4	-812	
436.218	750	68	-566	
436.342	852	96	-420	
436.606	930	74	-289	
436.73	884	32	-410	
436.854	742	29	-616	
436.978	514	-5	-837	
437.102	244	-6	-978	
437.226	61	-60	-1018	
437.91	-16	-1	-1034	
438.033	134	-22	-998	
438.158	377	-10	-876	
438.282	658	-24	-690	
438.405	857	2	-441	
438.534	950	12	-240	
438.798	973	13	-192	
438.922	898	-2	-344	
439.046	712	0	-588	
439.17	386	14	-805	
439.294	68	20	-972	
439.557	-121	-9	-1036	
440.102	25	-57	-1050	
440.226	192	-66	-1006	
440.35	441	-65	-882	
440.474	700	-42	-637	
440.598	882	-32	-412	
440.861	945	-38	-337	
440.986	820	-42	-500	
441.109	608	-62	-710	
441.233	306	-98	-868	
441.358	26	-137	-974	
441.621	-133	-174	-1066	
442.166	2	-120	-1010	
442.29	162	-117	-966	
442.414	410	-97	-837	
442.539	696	-61	-610	
442.662	877	-26	-393	
442.929	934	2	-346	
443.054	829	-13	-505	
443.177	616	-29	-716	
443.301	306	-57	-888	
443.426	32	-68	-997	
444.249	-52	-49	-1040	
444.373	65	-32	-1026	
444.498	254	-24	-974	
444.622	510	-17	-818	
444.746	722	0	-585	
444.87	885	17	-350	
445.134	914	40	-330	
445.257	792	12	-530	
445.382	558	5	-756	
445.506	256	-24	-916	
445.63	18	-22	-1004	
446.173	-53	-56	-1012	
446.298	90	-65	-985	
446.422	316	-54	-890	
446.545	588	-58	-724	
446.669	822	-32	-486	
446.793	968	-8	-281	
446.917	988	10	-217	
447.046	909	8	-334	
447.169	730	0	-581	
447.293	460	-16	-894	
447.417	168	-26	-1038	
447.541	-21	-46	-1096	
448.226	28	33	-1018	
448.35	222	37	-956	
448.473	510	26	-778	
448.597	757	34	-566	
448.722	908	38	-365	
448.985	880	28	-392	
449.11	720	40	-636	
449.238	410	37	-865	
449.361	74	60	-977	
449.486	-124	26	-1004	
449.889	-102	9	-1025	
450.013	-1	9	-1012	
450.137	196	-9	-961	
450.261	454	-18	-840	
450.386	721	-6	-661	
450.51	874	12	-492	
450.633	940	24	-385	
450.897	825	45	-445	
451.021	665	61	-664	
451.149	366	64	-862	
451.273	112	57	-1010	
451.397	-85	52	-1028	
451.941	-13	58	-996	
452.065	192	88	-929	
452.19	493	112	-804	
452.313	712	100	-658	
452.437	844	84	-522	
452.702	884	64	-432	
452.825	817	61	-564	
452.95	634	80	-725	
453.073	362	92	-902	
453.197	60	76	-978	
453.322	-104	20	-1022	
453.446	-136	-58	-1029	
453.85	-44	-68	-1032	
453.974	154	-68	-978	
454.097	429	-42	-861	
454.221	674	9	-660	
454.346	845	45	-453	
454.614	888	18	-417	
454.733	736	5	-598	
454.857	490	10	-804	
454.982	209	24	-938	
455.106	34	29	-1017	
455.774	45	2	-1049	
455.897	234	-36	-980	
456.021	490	-40	-810	
456.146	741	-13	-537	
456.269	884	32	-313	
456.533	922	20	-252	
456.657	861	-4	-417	
456.781	713	-30	-612	
456.906	477	-38	-813	
457.029	208	-56	-952	
457.154	16	-68	-1020	
457.697	-58	-77	-1014	
457.822	-34	-38	-1013	
457.945	49	37	-1058	
458.069	222	74	-1008	
458.193	454	89	-880	
458.317	708	74	-648	
458.441	842	66	-496	
458.565	886	74	-474	
458.69	805	50	-572	
458.813	678	24	-714	
458.937	446	-9	-848	
459.061	148	-13	-953	
459.729	-54	-25	-1037	
459.853	22	-52	-1024	
459.977	184	-45	-973	
460.101	432	-58	-868	
460.225	666	-36	-702	
460.351	822	-21	-534	
460.473	880	10	-426	
460.737	848	-1	-488	
460.861	718	-33	-642	
460.985	493	-44	-821	
461.109	262	-33	-934	
461.233	105	-36	-1008	
461.777	17	-46	-997	
461.901	161	-16	-985	
462.302	400	8	-889	
462.304	665	45	-741	
462.304	838	54	-510	
462.397	921	62	-354	
462.521	953	61	-313	
462.645	914	70	-412	
462.769	773	70	-590	
462.894	556	34	-786	
463.017	248	-10	-918	
463.142	36	-49	-1004	
463.949	21	-16	-1000	
464.073	237	-21	-922	
464.197	566	-30	-765	
464.322	788	18	-572	
464.445	902	41	-410	
464.569	913	48	-362	
464.693	872	4	-453	
464.817	741	-18	-629	
464.941	512	-21	-796	
465.065	189	-14	-933	
465.189	-20	-33	-998	
465.873	5	17	-1038	
465.997	160	64	-1021	
466.121	388	104	-926	
466.245	632	98	-753	
466.369	805	86	-540	
466.493	901	73	-382	
466.618	910	74	-349	
466.741	870	80	-432	
466.865	762	77	-604	
466.989	602	64	-765	
467.114	366	37	-960	
467.237	162	13	-1032	
467.361	26	12	-1073	
467.765	-60	-2	-1024	
468.013	-41	-49	-1029	
468.137	77	-77	-1012	
468.265	300	-70	-914	
468.389	574	-41	-758	
468.513	780	18	-565	
468.637	890	46	-428	
468.901	842	53	-440	
469.025	705	38	-616	
469.149	482	33	-809	
469.273	238	21	-946	
469.397	8	32	-1013	
469.941	-66	-5	-1034	
470.065	32	-20	-1018	
470.189	229	-38	-982	
470.313	454	-36	-888	
470.437	653	-32	-733	
470.561	786	-17	-552	
470.685	882	6	-396	
470.809	928	29	-354	
470.933	886	30	-433	
471.058	740	6	-588	
471.181	514	-17	-802	
471.305	282	-5	-930	
471.433	90	21	-1020	
471.558	-14	36	-1022	
472.365	116	-48	-1006	
472.489	344	-65	-900	
472.613	650	-53	-685	
472.737	833	-8	-440	
473.001	930	34	-286	
473.125	874	26	-429	
473.249	722	1	-630	
473.373	504	0	-814	
473.497	244	-20	-942	
473.621	40	-25	-1012	
474.305	-30	-72	-1017	
474.429	90	-81	-992	
474.553	301	-96	-921	
474.678	548	-90	-784	
474.801	744	-65	-572	
474.926	900	-4	-326	
475.049	969	40	-160	
475.173	994	65	-152	
475.297	910	65	-302	
475.421	746	44	-556	
475.545	466	10	-797	
475.669	130	-14	-977	
476.617	32	24	-1020	
476.741	237	50	-964	
476.865	534	69	-788	
476.989	782	81	-522	
477.113	920	57	-270	
477.377	934	37	-261	
477.501	828	48	-470	
477.625	589	53	-722	
477.749	301	49	-904	
477.873	76	33	-1012	
477.997	-24	9	-1036	
478.541	-9	-46	-1022	
478.665	84	-70	-1037	
478.789	277	-54	-984	
478.913	522	-20	-842	
479.037	748	45	-592	
479.161	886	78	-352	
479.426	940	70	-285	
479.55	834	46	-465	
479.673	636	52	-677	
479.797	377	34	-864	
479.921	157	32	-989	
480.045	26	17	-1038	
480.169	-36	30	-1044	
480.576	-70	22	-990	
480.701	30	17	-985	
480.825	237	-6	-904	
480.949	522	8	-774	
481.074	761	20	-529	
481.197	892	56	-337	
481.369	932	65	-261	
481.445	897	57	-349	
481.569	812	46	-529	
481.693	609	45	-716	
481.817	336	29	-893	
481.941	105	5	-990	
482.065	-49	-14	-1036	
482.609	-4	-61	-1021	
482.733	126	-50	-1013	
482.857	334	-48	-914	
482.981	593	-20	-736	
483.105	810	-14	-506	
483.229	932	-8	-364	
483.353	909	-21	-388	
483.477	810	-21	-524	
483.601	618	12	-714	
483.725	386	26	-820	
483.849	78	18	-928	
483.973	-62	-22	-977	
484.097	-109	-30	-1037	
484.628	8	-25	-1026	
484.753	132	-40	-1002	
484.877	337	-46	-920	
485.002	580	-21	-765	
485.125	784	40	-529	
485.249	908	78	-352	
485.513	921	69	-374	
485.637	781	34	-550	
485.761	529	-13	-756	
485.885	225	-62	-924	
486.709	130	-4	-974	
486.833	366	-8	-878	
486.957	630	-9	-692	
487.081	834	18	-477	
487.205	932	49	-278	
487.329	958	57	-236	
487.453	904	45	-366	
487.577	734	49	-608	
487.701	501	42	-812	
487.825	193	18	-961	
487.949	13	-26	-1001	
488.633	-77	8	-1024	
488.757	6	44	-1056	
488.884	184	70	-1021	
489.009	416	73	-930	
489.134	654	80	-705	
489.257	849	101	-477	
489.381	932	129	-304	
489.505	954	136	-258	
489.629	893	117	-345	
489.753	774	72	-526	
489.877	541	26	-773	
490.001	196	13	-945	
490.125	-16	-24	-1044	
490.809	-12	-40	-1013	
490.933	169	-22	-981	
491.057	442	10	-872	
491.181	686	60	-649	
491.305	894	88	-358	
491.429	964	113	-136	
491.553	1008	100	-76	
491.677	938	101	-202	
491.801	836	105	-449	
491.925	596	109	-706	
492.049	305	124	-914	
492.173	86	101	-997	
492.857	49	25	-1018	
492.981	244	42	-972	
493.109	513	76	-814	
493.233	740	104	-606	
493.357	876	112	-384	
493.482	929	104	-269	
493.605	933	93	-286	
493.729	874	77	-433	
493.853	717	69	-633	
493.977	478	41	-805	
494.101	176	17	-932	
494.225	-30	-28	-1010	
494.349	-129	-58	-1041	
494.613	-98	-78	-1033	
494.737	-92	-84	-1029	
494.861	-6	-49	-1021	
494.985	132	-85	-980	
495.109	353	-76	-888	
495.233	561	-116	-732	
495.357	784	-86	-553	
495.482	893	-81	-425	
495.605	909	-73	-420	
495.729	809	-118	-549	
495.853	613	-144	-792	
495.977	369	-144	-966	
496.101	125	-98	-1044	
496.225	-22	-74	-1025	
496.769	-65	29	-1018	
496.893	-46	50	-1042	
497.021	62	73	-1014	
497.145	282	85	-945	
497.269	585	96	-733	
497.393	834	89	-496	
497.517	940	76	-314	
497.641	944	66	-320	
497.765	829	89	-472	
497.889	642	96	-694	
498.013	389	96	-885	
498.137	134	45	-976	
498.261	-30	-2	-1010	
498.385	-105	-58	-1006	
498.929	-26	-49	-1008	
499.053	101	-42	-996	
499.177	300	-56	-902	
499.301	581	-30	-693	
499.425	825	20	-402	
499.549	960	62	-213	
499.673	981	58	-158	
499.937	950	12	-285	
500.061	845	10	-458	
500.185	628	8	-690	
500.309	318	-9	-877	
500.433	65	-40	-981	
501.241	-33	-25	-1036	
501.365	65	-9	-1017	
501.489	260	-5	-953	
501.613	478	12	-825	
501.737	689	0	-674	
501.861	788	4	-580	
501.985	813	-12	-562	
502.109	758	-1	-632	
502.233	645	-13	-741	
502.357	472	-45	-873	
502.481	282	-70	-958	
502.605	104	-86	-1022	
502.729	-5	-73	-1028	
503.413	-9	-66	-1000	
503.537	116	-66	-972	
503.661	310	-76	-918	
503.785	480	-56	-860	
503.909	604	-36	-797	
504.313	602	-25	-794	
504.437	497	-26	-873	
504.561	364	-49	-942	
504.685	208	-56	-981	
504.812	61	-62	-1026	
504.933	-54	-38	-1045	
505.741	-21	13	-1024	
505.865	89	9	-1012	
505.989	242	9	-953	
506.113	414	20	-881	
506.237	576	42	-781	
506.361	686	45	-736	
506.485	688	33	-744	
506.609	566	4	-817	
506.733	356	-14	-908	
506.857	137	-52	-1012	
506.981	-13	-66	-1041	
507.805	-34	-53	-1008	
507.929	66	-73	-1002	
508.053	232	-80	-953	
508.177	444	-58	-862	
508.301	636	-10	-720	
508.425	773	20	-593	
508.689	804	20	-554	
508.813	710	8	-658	
508.937	554	-29	-796	
509.061	349	-46	-905	
509.185	136	-61	-981	
509.309	-10	-58	-1013	
510.117	-12	-54	-1016	
510.241	124	-60	-982	
510.365	329	-52	-886	
510.489	589	-42	-742	
510.613	765	-20	-588	
510.877	842	-16	-529	
511.001	778	-4	-608	
511.125	666	12	-716	
511.249	482	26	-838	
511.373	258	4	-946	
511.497	88	-14	-992	
512.461	44	-30	-1025	
512.585	148	-29	-997	
512.709	328	-18	-928	
512.833	546	-13	-780	
512.957	746	-8	-585	
513.081	874	-4	-382	
513.205	942	-10	-206	
513.329	958	-21	-68	
514.297	990	-29	-9	
514.421	949	-5	-168	
514.545	789	12	-450	
514.669	560	2	-736	
514.793	285	-6	-984	
514.917	73	-10	-1061	
515.041	-64	1	-1074	
516.145	-22	-24	-1022	
516.269	109	-37	-989	
516.393	332	-56	-900	
516.517	594	-57	-716	
516.641	809	-49	-473	
516.765	930	-44	-245	
516.889	965	-48	-117	
517.153	946	-38	-146	
517.277	892	-32	-304	
517.401	757	-29	-562	
517.525	513	-56	-780	
517.649	262	-53	-934	
517.773	77	-42	-1006	
518.738	-38	-65	-1028	
518.845	37	-50	-1005	
518.969	237	-50	-938	
519.093	497	-25	-768	
519.217	749	-20	-516	
519.341	898	-14	-269	
519.605	984	-57	-120	
519.729	952	-62	-237	
519.853	804	-81	-472	
519.977	570	-76	-737	
520.101	268	-62	-924	
520.225	73	-36	-1005	
521.049	-76	-22	-1024	
521.173	-5	-33	-1062	
521.297	166	-45	-1020	
521.421	393	-44	-892	
521.545	652	-18	-629	
521.669	850	22	-333	
521.793	960	33	-106	
522.057	992	-17	-53	
522.181	970	-29	-189	
522.304	870	-32	-382	
522.429	686	-41	-625	
522.552	449	-40	-840	
522.677	180	-46	-994	
522.804	8	-32	-1058	
523.488	81	12	-1044	
523.613	278	-18	-973	
523.737	540	-20	-822	
523.861	753	-32	-566	
523.984	885	-32	-349	
524.109	945	-41	-214	
524.373	952	-53	-230	
524.497	905	-40	-364	
524.621	773	-13	-564	
524.745	490	12	-770	
524.869	165	37	-925	
525.552	-26	12	-1028	
525.676	114	-13	-993	
525.801	353	-29	-897	
525.924	608	-33	-721	
526.048	860	-24	-465	
526.172	957	8	-229	
526.296	994	25	-129	
526.421	941	32	-233	
526.544	849	6	-482	
526.669	657	-21	-744	
526.793	394	-52	-925	
526.917	141	-69	-1006	
527.044	-37	-76	-1020	
527.992	-17	-44	-994	
528.116	214	-44	-928	
528.24	508	-38	-780	
528.364	754	-48	-556	
528.488	900	-54	-341	
528.753	954	-52	-286	
528.877	840	-34	-438	
529.001	642	-34	-676	
529.124	358	-53	-854	
529.248	161	-90	-977	
529.372	21	-121	-997	
529.497	-14	-138	-1029	
529.621	-54	-128	-1025	
529.744	-102	-94	-1028	
529.869	-140	-81	-997	
530.133	-114	-49	-1014	
530.256	54	-14	-954	
530.381	284	12	-882	
530.504	524	6	-797	
530.628	690	-25	-706	
530.752	809	-42	-593	
530.877	842	-68	-498	
531.404	737	-100	-608	
531.528	597	-154	-753	
531.652	372	-185	-900	
531.776	200	-180	-956	
531.901	58	-158	-998	
532.164	-48	-142	-1022	
532.568	-65	-101	-1044	
532.693	56	-66	-1024	
532.816	270	-40	-977	
532.941	461	-18	-872	
533.064	613	-10	-786	
533.188	685	4	-694	
533.592	746	-49	-632	
533.717	660	-76	-708	
533.841	468	-137	-857	
533.965	194	-154	-965	
534.088	-58	-152	-1038	
534.212	-168	-136	-1045	
534.336	-169	-145	-1036	
534.88	22	-37	-1046	
535.004	232	-2	-997	
535.129	508	14	-852	
535.253	706	1	-637	
535.379	798	13	-494	
535.504	860	16	-424	
535.628	893	21	-378	
535.892	888	8	-406	
536.016	822	4	-536	
536.14	697	5	-693	
536.264	533	29	-828	
536.388	321	86	-929	
536.513	170	118	-1001	
537.336	152	84	-1004	
537.46	337	58	-928	
537.584	572	29	-813	
537.709	737	-8	-648	
537.832	825	-13	-502	
538.36	802	-44	-554	
538.484	557	-38	-774	
538.608	340	-17	-946	
538.732	185	-53	-1028	
538.856	116	-56	-1022	
538.981	32	-96	-1045	
539.384	-6	-22	-1001	
539.508	181	-5	-986	
539.633	421	12	-956	
539.76	645	0	-852	
539.884	748	10	-720	
540.008	792	1	-594	
540.272	782	-56	-597	
540.396	642	-90	-721	
540.521	424	-122	-862	
540.644	154	-86	-982	
540.768	-56	-53	-1020	
541.032	-156	-44	-1014	
541.296	-89	-66	-1033	
541.42	-64	-52	-1029	
541.544	45	2	-1028	
541.668	202	-9	-966	
541.792	424	-2	-865	
541.916	628	-13	-702	
542.04	789	10	-585	
542.164	829	36	-534	
542.288	777	44	-625	
542.412	632	45	-760	
542.536	434	20	-905	
542.66	200	-6	-974	
542.784	13	-30	-1012	
543.468	-12	-113	-1038	
543.592	120	-130	-1009	
543.716	326	-150	-933	
543.844	577	-117	-772	
543.968	762	-78	-588	
544.092	870	-36	-452	
544.217	876	-24	-412	
544.341	848	-38	-493	
544.464	742	-41	-632	
544.588	580	-81	-789	
544.713	362	-116	-901	
544.836	181	-173	-969	
544.96	62	-188	-986	
545.084	-8	-201	-997	
545.209	-60	-202	-997	
545.332	-110	-189	-997	
545.72	-129	-153	-1004	
545.844	-22	-134	-996	
545.968	189	-113	-941	
546.092	472	-82	-818	
546.217	714	-73	-648	
546.341	849	-46	-509	
546.464	873	-50	-465	
546.588	816	-68	-541	
546.712	676	-94	-693	
546.836	438	-117	-852	
546.961	184	-126	-916	
547.084	-18	-124	-980	
547.348	-124	-66	-1040	
547.473	-38	-46	-1024	
547.596	102	-9	-1022	
547.724	320	-29	-950	
547.849	520	-50	-844	
547.973	672	-77	-682	
548.097	788	-96	-556	
548.361	846	-109	-486	
548.485	773	-117	-577	
548.609	561	-138	-758	
548.732	345	-136	-912	
548.856	142	-106	-1010	
548.98	73	-62	-1020	
549.384	4	-33	-1044	
549.508	8	-33	-1025	
549.632	128	-40	-1017	
549.756	305	-66	-920	
549.88	542	-82	-810	
550.004	716	-70	-646	
550.129	822	-60	-552	
550.252	850	-37	-533	
550.376	786	-54	-597	
550.501	670	-77	-728	
550.624	470	-102	-856	
550.749	236	-126	-954	
550.872	40	-144	-1002	
550.996	-88	-128	-1014	
551.823	62	-28	-1004	
551.948	269	-49	-908	
552.072	566	-53	-753	
552.196	782	-30	-549	
552.46	865	-12	-498	
552.585	737	-53	-689	
552.708	518	-80	-842	
552.832	266	-114	-958	
552.956	65	-134	-988	
553.08	-52	-157	-1000	
553.484	-70	-129	-1028	
553.608	-66	-96	-1024	
553.732	-56	-38	-1018	
553.856	25	30	-990	
553.98	220	77	-932	
554.104	502	124	-781	
554.228	772	100	-558	
554.352	914	86	-386	
554.476	929	73	-380	
554.601	785	54	-550	
554.724	553	24	-784	
554.848	229	-17	-936	
554.972	-29	-29	-1000	
555.236	-181	-62	-1012	
555.36	-133	-62	-1013	
555.484	-97	-25	-1022	
555.871	14	56	-1045	
555.996	193	102	-990	
556.12	466	133	-844	
556.245	745	141	-560	
556.368	940	132	-333	
556.492	972	128	-248	
556.616	872	156	-394	
556.74	650	112	-633	
556.864	392	76	-848	
556.988	128	20	-954	
557.112	-46	-6	-1005	
557.656	-90	-69	-1014	
557.78	-62	-76	-1008	
557.904	17	-76	-990	
558.028	190	-78	-953	
558.153	454	-69	-826	
558.276	717	-40	-606	
558.4	881	6	-373	
558.524	932	32	-285	
558.648	908	14	-362	
558.772	765	-9	-564	
558.896	564	-53	-758	
559.02	296	-85	-912	
559.144	77	-93	-985	
559.268	-73	-94	-1016	
559.955	-16	-109	-1005	
560.08	196	-112	-941	
560.204	497	-72	-813	
560.328	765	-16	-624	
560.452	886	50	-457	
560.576	909	68	-393	
560.7	869	76	-458	
560.824	762	62	-612	
560.948	562	42	-777	
561.072	308	16	-914	
561.196	70	1	-986	
562.021	-37	-34	-1037	
562.144	106	-10	-994	
562.268	358	17	-908	
562.392	609	49	-742	
562.516	793	54	-590	
562.78	793	54	-580	
562.904	612	52	-740	
563.028	330	12	-896	
563.153	96	-48	-986	
563.276	-54	-92	-1004	
564.24	41	13	-1025	
564.368	229	33	-964	
564.492	501	48	-825	
564.616	736	57	-652	
564.74	848	72	-533	
564.864	833	65	-521	
564.988	732	60	-642	
565.112	569	32	-784	
565.236	369	1	-908	
565.36	162	-50	-982	
565.484	36	-73	-1021	
565.888	-53	-90	-996	
566.012	-46	-69	-997	
566.276	74	-24	-1021	
566.4	228	14	-986	
566.524	436	20	-901	
566.648	633	34	-729	
566.772	798	33	-536	
567.036	876	64	-454	
567.16	766	66	-592	
567.284	616	74	-774	
567.408	400	76	-893	
567.532	224	73	-972	
567.656	52	84	-969	
567.78	-16	80	-992	
567.904	-50	54	-1006	
568.572	118	-21	-1005	
568.696	326	-16	-944	
568.82	580	2	-757	
568.944	849	29	-489	
569.068	937	37	-328	
569.192	973	38	-332	
569.316	833	37	-505	
569.441	681	30	-689	
569.564	422	13	-854	
569.688	173	-2	-980	
569.812	4	-22	-1025	
570.636	0	-20	-1021	
570.76	221	-9	-948	
570.884	532	25	-777	
571.009	753	58	-574	
571.272	860	72	-473	
571.396	769	72	-597	
571.52	592	61	-757	
571.644	372	50	-897	
571.768	156	42	-989	
571.892	20	36	-1026	
572.716	-13	41	-1004	
572.844	141	16	-960	
572.968	384	6	-880	
573.092	630	8	-714	
573.216	816	20	-524	
573.481	888	-16	-425	
573.604	746	-37	-588	
573.728	525	-72	-808	
573.852	242	-117	-941	
573.976	25	-130	-1000	
574.66	22	-106	-1016	
574.784	174	-93	-965	
574.908	420	-77	-834	
575.032	689	-73	-656	
575.156	856	-50	-453	
575.42	909	-41	-386	
575.544	821	-50	-481	
575.668	670	-60	-661	
575.792	444	-74	-824	
575.916	222	-89	-961	
576.04	32	-82	-1008	
576.164	-64	-70	-1009	
576.848	41	-56	-1017	
576.972	250	-70	-966	
577.1	486	-82	-848	
577.224	682	-76	-680	
577.348	814	-62	-537	
577.612	876	-86	-506	
577.736	746	-86	-638	
577.86	526	-64	-816	
577.984	257	-40	-940	
578.108	78	-49	-1005	
578.652	-8	-20	-1029	
578.776	84	-5	-1017	
578.9	192	12	-1002	
579.024	332	9	-940	
579.148	500	-21	-824	
579.272	700	-40	-662	
579.396	853	-53	-500	
579.66	840	-92	-490	
579.784	733	-72	-644	
579.908	537	-97	-797	
580.032	326	-66	-893	
580.156	58	-101	-954	
580.84	-68	-120	-1014	
580.964	17	-137	-994	
581.088	206	-146	-933	
581.215	474	-152	-804	
581.34	724	-117	-605	
581.464	900	-58	-389	
581.728	912	-44	-364	
581.852	748	-74	-568	
581.976	508	-109	-794	
582.1	254	-109	-933	
582.224	44	-101	-1000	
582.348	-76	-93	-1020	
583.032	-13	-13	-1002	
583.156	197	-18	-924	
583.28	488	-16	-788	
583.404	758	-20	-596	
583.528	897	-1	-428	
583.652	946	-10	-313	
583.776	933	-14	-322	
583.9	885	-29	-410	
584.024	797	-26	-560	
584.148	653	-26	-728	
584.272	442	-29	-866	
584.396	198	-33	-962	
584.521	10	-29	-1000	
585.204	-38	-34	-1020	
585.328	65	-29	-1009	
585.456	282	-28	-925	
585.58	569	-17	-757	
585.704	828	-32	-462	
585.828	961	-34	-222	
585.952	996	-44	-129	
586.076	940	-30	-244	
586.2	809	-45	-488	
586.324	549	-64	-741	
586.448	258	-94	-916	
586.572	29	-116	-993	
586.696	-96	-124	-1010	
587.66	88	37	-957	
587.785	388	28	-828	
587.908	733	24	-538	
588.047	928	22	-294	
588.156	977	33	-158	
588.28	954	37	-246	
588.404	857	26	-465	
588.528	648	1	-705	
588.652	334	-26	-877	
588.776	48	-50	-962	
588.9	-114	-73	-996	
589.444	-92	-62	-1008	
589.571	49	-50	-982	
589.696	338	-44	-862	
589.82	669	-25	-668	
589.944	912	2	-396	
590.068	1000	40	-222	
590.192	978	38	-206	
590.315	872	28	-408	
590.44	656	22	-650	
590.564	384	14	-874	
590.688	117	2	-953	
590.812	-65	-4	-1004	
591.495	-144	16	-1038	
591.62	20	1	-980	
591.744	308	0	-837	
591.869	689	-26	-574	
591.992	918	10	-301	
592.256	940	53	-230	
592.38	753	17	-506	
592.503	496	-21	-792	
592.627	193	-58	-948	
592.751	-10	-60	-998	
593.435	-24	1	-1010	
593.559	158	34	-961	
593.683	468	66	-825	
593.81	746	114	-606	
593.936	901	138	-424	
594.059	888	157	-382	
594.183	828	137	-514	
594.308	634	112	-736	
594.431	393	74	-892	
594.556	97	34	-981	
594.68	-53	1	-985	
595.374	114	-61	-988	
595.488	377	-56	-861	
595.612	701	-37	-665	
595.736	905	4	-445	
595.999	917	41	-422	
596.124	778	30	-616	
596.248	537	4	-809	
596.372	242	-6	-932	
596.496	21	-6	-1002	
597.04	-20	49	-1012	
597.163	192	76	-932	
597.288	526	133	-722	
597.412	836	161	-389	
597.536	966	185	-128	
597.66	990	161	-70	
597.857	944	157	-236	
597.908	804	109	-492	
598.036	516	46	-770	
598.16	160	-9	-934	
598.284	-89	-29	-1024	
598.547	-162	18	-1029	
598.671	-110	25	-1021	
598.92	-45	29	-1016	
599.044	68	30	-1000	
599.168	318	-2	-916	
599.291	628	-26	-754	
599.416	877	-24	-498	
599.54	973	42	-261	
599.664	985	84	-158	
599.787	944	120	-245	
599.911	830	98	-478	
600.035	588	69	-732	
600.16	265	33	-909	
600.284	0	38	-986	
600.828	-116	18	-1018	
600.951	-94	-20	-1021	
601.076	2	-29	-1024	
601.2	186	-77	-940	
601.324	454	-104	-798	
601.448	758	-130	-597	
601.572	909	-74	-426	
601.836	921	-29	-366	
601.96	785	-64	-566	
602.088	501	-78	-768	
602.212	176	-65	-908	
602.335	-42	-41	-968	
603.02	-34	16	-1040	
603.143	136	25	-1016	
603.268	382	24	-856	
603.391	709	4	-633	
603.515	893	14	-393	
603.64	996	32	-314	
603.763	936	56	-358	
603.888	788	6	-542	
604.011	541	-25	-784	
604.136	242	-49	-949	
604.259	48	0	-1016	
604.944	-72	46	-1013	
605.067	-26	70	-994	
605.191	172	74	-954	
605.315	450	60	-806	
605.439	789	32	-544	
605.564	946	37	-292	
605.687	981	66	-196	
605.812	908	49	-301	
605.935	780	-2	-509	
606.059	525	-40	-742	
606.186	200	-25	-902	
606.311	-29	-24	-994	
606.86	-69	2	-1022	
606.983	30	24	-990	
607.107	257	58	-928	
607.232	542	73	-777	
607.355	808	92	-560	
607.479	910	74	-382	
607.603	921	61	-364	
607.727	806	48	-512	
607.852	649	40	-728	
607.975	404	-6	-885	
608.099	110	-29	-976	
608.223	-77	-33	-1000	
608.907	-52	-22	-1010	
609.031	112	-54	-978	
609.155	394	-85	-849	
609.28	722	-78	-637	
609.404	909	-37	-432	
609.528	966	-28	-376	
609.651	857	-44	-510	
609.775	633	-46	-714	
609.899	325	-34	-905	
610.023	56	-12	-993	
610.691	-69	-14	-1013	
610.815	61	-34	-989	
610.939	284	-46	-905	
611.063	581	-38	-748	
611.188	816	-4	-518	
611.311	944	8	-314	
611.435	953	4	-282	
611.559	846	-24	-424	
611.683	657	-25	-697	
611.808	386	-16	-874	
611.931	130	5	-968	
612.055	-28	1	-988	
612.739	52	-13	-990	
612.863	301	-49	-914	
612.987	586	-69	-742	
613.112	802	-42	-549	
613.235	900	-13	-394	
613.36	916	29	-405	
613.484	840	20	-496	
613.607	712	56	-672	
613.731	502	20	-808	
613.856	257	18	-922	
613.979	49	-52	-1002	
614.243	-81	-52	-1045	
614.771	-10	-25	-1016	
614.896	154	-10	-994	
615.02	412	4	-832	
615.143	708	-4	-592	
615.267	896	-6	-316	
615.531	949	-26	-277	
615.656	877	-38	-465	
615.779	690	-37	-682	
615.904	365	-46	-845	
616.027	4	-46	-929	
616.152	-190	-86	-973	
616.275	-202	-113	-1000	
616.539	-130	-85	-1017	
616.944	37	2	-954	
617.068	326	-38	-829	
617.199	692	-70	-585	
617.315	902	-57	-361	
617.579	972	-37	-266	
617.703	820	-78	-486	
617.827	506	-118	-756	
617.951	57	-81	-914	
618.215	-277	-40	-1008	
618.759	-110	-32	-1029	
618.887	16	-40	-978	
619.011	300	-30	-868	
619.135	617	-5	-653	
619.259	884	18	-424	
619.383	958	24	-260	
619.507	957	10	-254	
619.631	868	-38	-381	
619.756	709	-84	-578	
619.879	476	-132	-778	
620.003	200	-138	-920	
620.127	-18	-149	-996	
620.535	-102	-118	-1030	
620.799	-49	-38	-1024	
620.923	109	-17	-1004	
621.047	336	-25	-910	
621.171	605	-54	-772	
621.295	813	-48	-513	
621.419	933	-18	-320	
621.543	961	20	-246	
621.667	892	16	-353	
621.791	793	-9	-565	
621.915	593	-34	-736	
622.039	330	-25	-894	
622.163	94	-6	-966	
622.287	-33	-9	-1025	
622.691	-26	-4	-1020	
622.818	93	14	-973	
622.943	352	40	-840	
623.067	681	48	-630	
623.191	880	60	-420	
623.315	945	61	-350	
623.439	889	46	-398	
623.563	769	-17	-564	
623.687	524	-41	-724	
623.811	209	-25	-874	
623.935	-36	13	-954	
624.06	-134	9	-1004	
624.604	22	-29	-1016	
624.728	225	-38	-972	
624.851	506	-22	-836	
624.975	757	0	-641	
625.099	882	26	-450	
625.363	858	-2	-442	
625.487	718	-24	-626	
625.611	454	-24	-818	
625.735	170	-8	-956	
625.859	-40	20	-1008	
626.683	98	-17	-1000	
626.807	342	-32	-904	
626.931	672	-8	-702	
627.059	861	38	-433	
627.323	946	52	-276	
627.447	881	33	-417	
627.571	710	-9	-637	
627.695	445	-61	-822	
627.819	116	-88	-949	
627.943	-98	-81	-997	
628.487	-64	-73	-1009	
628.611	74	-102	-993	
628.735	304	-113	-901	
628.859	554	-89	-744	
628.983	757	-65	-532	
629.107	868	-65	-382	
629.371	897	-114	-346	
629.495	824	-110	-502	
629.619	622	-121	-704	
629.743	330	-110	-882	
629.867	61	-117	-972	
630.691	8	-38	-1020	
630.815	153	-6	-992	
630.939	402	28	-888	
631.063	650	25	-728	
631.188	822	34	-557	
631.315	893	9	-452	
631.439	897	24	-434	
631.563	852	-12	-557	
631.687	674	1	-709	
631.811	421	-16	-872	
631.936	141	1	-961	
632.059	-14	-16	-1028	
632.603	-42	-6	-1004	
632.727	9	-13	-981	
632.851	212	-37	-949	
632.975	508	-32	-818	
633.099	792	1	-574	
633.223	926	60	-294	
633.487	949	60	-212	
633.611	910	50	-378	
633.735	701	41	-626	
633.859	390	28	-845	
633.983	42	16	-981	
634.107	-132	-6	-1016	
634.231	-174	-20	-1017	
634.915	42	-84	-1040	
635.039	284	-72	-976	
635.163	552	-60	-849	
635.287	718	-14	-666	
635.411	806	-6	-542	
635.679	806	-32	-558	
635.803	662	-60	-692	
635.927	413	-57	-840	
636.051	141	-24	-945	
636.175	-32	-13	-1008	
636.579	-21	-22	-1017	
636.703	120	-34	-997	
636.827	353	-57	-908	
636.951	638	-77	-710	
637.076	860	-80	-473	
637.339	924	-70	-356	
637.463	782	-65	-530	
637.587	617	-61	-734	
637.711	374	-52	-885	
637.835	137	-37	-969	
637.959	-45	-38	-1020	
638.503	78	-28	-1010	
638.627	314	-9	-902	
638.751	610	-4	-716	
638.875	822	14	-476	
638.999	909	6	-338	
639.124	926	6	-314	
639.247	840	-9	-410	
639.371	713	-12	-586	
639.495	492	2	-793	
639.623	312	18	-956	
639.747	150	21	-1018	
639.871	73	2	-1028	
641.395	-22	42	-1036	
641.799	44	9	-784	