time (source1);data.0;data.1;data.2
0;-6;-32;-357
0.142;-18;-77;-698
0.826;-16;-110;-1029
0.95;-50;-88;-1016
1.074;-29;-52;-1074
1.478;21;-94;-1042
1.602;58;-93;-1061
1.726;52;-82;-1050
1.851;30;-89;-1034
2.115;4;-110;-986
2.238;4;-85;-1021
2.782;-56;-4;-1025
3.871;-41;73;-1046
3.995;-36;238;-1014
4.118;-32;526;-858
4.242;-18;772;-562
4.386;-48;957;-274
4.49;-38;954;-65
4.754;-30;944;44
5.018;-61;966;-48
5.142;-50;910;-248
5.266;-29;765;-553
5.39;-13;521;-817
5.515;8;4;-338
5.638;12;-60;-696
5.762;4;-126;-1033
6.166;-10;-182;-1021
6.71;-10;-21;-1110
6.835;-12;197;-1108
6.958;-24;502;-881
7.082;-38;740;-465
7.206;-53;856;-26
7.33;-54;877;209
7.594;-72;913;298
7.722;-72;928;156
7.846;-73;912;-80
7.97;-45;801;-421
8.094;-45;568;-720
8.218;-42;286;-940
8.342;-66;76;-1045
8.466;-21;-209;-1130
8.59;-17;-252;-1142
8.714;-5;-268;-1125
9.258;-50;8;-1096
9.383;-57;314;-998
9.506;-72;662;-725
9.63;-85;909;-294
9.754;-74;920;33
10.018;-52;930;206
10.142;-54;974;170
10.406;-77;976;69
10.53;-76;916;-92
10.654;-66;754;-410
10.778;-41;537;-740
10.902;-45;306;-977
11.027;-54;161;-1061
11.29;-58;41;-1085
11.415;-42;5;-1065
11.942;-60;5;-1017
12.206;-85;118;-1101
12.33;-116;334;-1130
12.454;-138;621;-950
12.578;-134;816;-510
12.702;-110;840;-104
12.826;-90;824;109
12.95;-97;853;184
13.354;-101;893;188
13.478;-98;857;172
13.602;-125;870;105
13.726;-166;868;-130
13.85;-205;805;-410
13.974;-178;644;-724
14.098;-141;494;-930
14.222;-105;408;-1148
14.346;-122;348;-1188
14.47;-118;262;-1182
14.594;-121;153;-1066
14.718;-101;57;-1066
15.402;-21;53;-1120
15.526;-34;240;-1205
15.65;-96;492;-1194
15.774;-122;680;-885
15.899;-133;773;-410
16.026;-57;816;44
16.15;-33;820;277
16.414;-45;788;418
16.678;-57;798;329
16.802;-53;832;128
16.926;-78;817;-188
17.05;-81;800;-526
17.174;-64;608;-845
17.298;2;348;-1090
17.423;-24;108;-1149
17.546;-28;-6;-1153
17.67;-62;-44;-1109
18.494;-38;-46;-1073
18.618;-26;62;-1157
18.742;-16;416;-1086
18.866;4;750;-745
18.99;-1;941;-230
19.114;-8;914;128
19.238;-20;885;216
19.502;-48;900;214
19.906;-64;944;192
20.03;-76;930;74
20.154;-86;926;-82
20.282;-90;922;-289
20.406;-76;848;-534
20.53;-29;668;-746
20.654;-42;480;-906
20.778;-82;312;-1032
20.909;-161;193;-1092
21.026;-169;68;-1118
21.29;-134;-34;-1070
21.694;-97;12;-1081
21.818;-80;169;-1144
21.942;-77;449;-1070
22.066;-81;701;-848
22.19;-104;818;-505
22.314;-96;808;-232
22.438;-73;822;-33
22.562;-58;882;74
22.686;-68;950;132
23.09;-62;957;121
23.214;-50;921;68
23.338;-68;894;-89
23.462;-88;796;-352
23.586;-106;653;-624
23.71;-44;474;-794
23.85;-32;332;-929
23.958;-32;237;-1073
24.082;-74;190;-1154
24.206;-74;197;-1150
24.754;-12;186;-1060
24.878;-14;292;-1072
25.002;-29;490;-882
25.126;-48;741;-581
25.25;-64;910;-237
25.374;-62;969;-62
25.498;-52;974;-21
26.026;-54;976;-177
26.15;-49;869;-336
26.274;-24;688;-590
26.398;9;462;-853
26.522;-5;245;-1017
26.646;-33;80;-1101
26.77;-53;-20;-1094
26.894;-34;-61;-1074
27.438;-5;13;-1064
27.562;4;190;-1028
27.686;12;461;-865
27.81;-1;737;-565
27.934;-21;920;-272
28.742;-26;997;-104
28.866;-41;977;-236
28.99;-57;869;-454
29.114;-36;676;-686
29.238;-25;444;-870
29.362;-14;236;-980
29.486;-36;97;-1042
30.45;-17;29;-1004
30.574;1;305;-933
30.698;12;622;-705
30.822;10;877;-393
30.946;-5;940;-122
31.07;-18;973;-30
31.194;-18;998;-61
31.599;-20;1002;-174
31.722;-42;960;-269
31.846;-65;822;-452
31.97;-78;597;-698
32.094;-86;310;-901
32.218;-105;98;-1040
32.342;-124;-49;-1052
32.466;-113;-93;-1065
32.59;-64;-110;-1042
33.118;-32;-36;-1036
33.242;-24;181;-984
33.366;-12;498;-816
33.49;-13;802;-510
33.614;-22;940;-214
33.738;-40;973;-4
34.003;-49;997;53
34.546;-86;982;-125
34.67;-84;889;-341
34.794;-62;694;-637
34.918;-10;292;-860
35.042;-21;32;-1049
35.166;-37;-120;-1085
35.29;-38;-61;-1085
35.694;-22;-57;-1061
35.818;-18;-5;-1137
35.942;-10;146;-1138
36.066;-9;364;-989
36.19;-41;614;-670
36.314;-66;796;-372
36.438;-73;916;-153
36.562;-58;962;-30
37.249;-64;985;17
37.374;-52;944;-80
37.498;-28;881;-252
37.622;-4;782;-532
37.746;16;628;-786
37.87;-2;470;-952
37.994;-16;333;-1049
38.118;-38;245;-1061
38.242;-32;161;-1082
38.926;-40;98;-1069
39.05;-33;188;-1160
39.174;-41;350;-1128
39.298;-32;542;-928
39.422;-52;708;-589
39.546;-64;825;-310
39.67;-65;898;-146
39.794;-68;954;-61
40.478;-36;949;-61
40.602;-21;893;-209
40.726;-9;813;-438
40.85;-16;681;-674
40.974;-36;517;-889
41.098;-57;338;-1025
41.222;-64;188;-1065
41.348;-69;72;-1060
42.33;-24;-32;-1078
42.454;-16;21;-1162
42.578;-24;222;-1150
42.702;-44;497;-968
42.826;-53;753;-609
42.95;-52;840;-289
43.074;-45;857;-64
43.198;-37;885;28
43.322;-46;937;64
43.726;-53;944;-38
43.85;-53;841;-213
43.974;-45;742;-474
44.098;-34;596;-737
44.222;-10;385;-1000
44.346;2;213;-1090
44.61;-50;110;-1076
44.734;-82;36;-1080
44.858;-92;-13;-1058
45.262;-56;-25;-1054
45.386;-38;73;-1134
45.51;-46;240;-1168
45.634;-33;450;-1076
45.762;-36;656;-826
45.886;-18;769;-481
46.01;-28;841;-185
46.134;-29;873;18
46.258;-32;938;81
46.522;-26;980;38
46.646;-29;914;-16
46.77;-48;846;-156
46.898;-58;781;-361
47.022;-85;672;-646
47.146;-89;532;-906
47.27;-126;398;-1049
47.394;-86;302;-1128
47.518;-57;165;-1101
47.642;-12;29;-1089
47.906;-16;-25;-1054
48.03;-4;68;-1156
48.154;1;260;-1209
48.278;13;496;-1077
48.402;17;677;-722
48.526;-4;770;-324
48.65;-22;808;-46
48.774;-56;865;85
48.898;-62;906;120
49.162;-62;957;74
49.286;-57;933;-8
49.41;-60;860;-178
49.534;-77;778;-409
49.662;-73;617;-682
49.786;-52;441;-877
49.91;-37;232;-1022
50.034;-72;118;-1076
50.158;-108;37;-1117
50.282;-100;-8;-1104
50.406;-65;-61;-1076
50.95;-17;-80;-1060
51.074;-16;-6;-1156
51.198;-10;192;-1168
51.322;-1;444;-1017
51.446;-22;664;-629
51.57;-45;798;-234
51.694;-56;856;32
51.958;-45;942;130
52.082;-56;954;94
52.206;-66;922;-17
52.33;-73;798;-276
52.454;-44;585;-614
52.578;-12;349;-948
52.702;9;146;-1114
52.826;4;44;-1190
52.95;-12;-9;-1148
53.074;-18;-33;-1096
53.478;-48;-20;-1076
53.602;-50;68;-1125
53.73;-44;208;-1104
53.854;-33;454;-912
53.978;-40;688;-554
54.101;-54;866;-206
54.226;-49;916;21
54.77;-49;944;118
54.894;-46;929;16
55.018;-52;822;-238
55.142;-57;669;-549
55.266;-77;373;-918
55.389;-53;174;-1077
55.514;-10;20;-1189
55.778;21;-21;-1118
56.462;5;-42;-1092
56.586;1;100;-1149
56.71;-1;342;-1096
56.834;-6;613;-849
56.958;-22;768;-496
57.082;-48;844;-170
57.206;-66;877;17
57.609;-46;957;21
57.733;-41;937;-101
57.858;-28;854;-318
57.99;-38;725;-594
58.114;-46;537;-820
58.238;-110;101;-892
58.361;-108;-68;-953
58.486;-98;-196;-1005
58.61;-50;-40;-1085
59.294;-28;13;-1133
59.418;-30;126;-1200
59.542;-24;310;-1136
59.666;-10;533;-828
59.79;-10;720;-433
59.914;-29;820;-132
60.037;-42;872;41
60.162;-48;924;90
60.426;-40;978;34
60.55;-34;929;-62
60.674;-64;849;-249
60.798;-85;744;-500
60.922;-124;577;-740
61.046;-101;377;-940
61.17;-105;202;-1084
61.434;-98;88;-1166
61.557;-81;60;-1096
61.822;-57;78;-969
61.946;-46;253;-945
62.074;-21;528;-888
62.197;-30;921;-885
62.322;-9;1114;-749
62.445;-54;1046;-541
62.57;-74;837;-238
62.693;-124;713;-30
62.818;-132;796;142
62.942;-102;858;180
63.065;-82;933;196
63.19;-78;960;130
63.314;-112;992;108
63.438;-120;984;105
63.561;-109;926;72
63.685;-82;832;-58
63.81;-70;750;-297
63.934;-78;609;-574
64.058;-33;398;-805
64.181;57;253;-981
64.305;172;154;-1046
64.43;261;120;-1080
64.554;216;38;-1074
64.678;85;42;-1113
64.802;-60;76;-1102
64.925;-114;82;-1077
65.19;-41;56;-1088
65.314;2;172;-1249
65.438;72;353;-1325
65.562;38;548;-1094
65.686;-45;632;-649
65.813;-136;704;-229
65.937;-160;768;42
66.062;-129;848;197
66.326;-112;912;257
66.45;-133;952;209
66.573;-162;981;141
66.697;-104;925;41
66.822;-64;882;-73
66.945;-26;786;-314
67.07;-32;641;-598
67.193;-10;466;-846
67.317;-56;294;-1008
67.441;-82;216;-1094
67.565;-161;145;-1186
67.689;-153;112;-1176
67.813;-137;52;-1132
67.937;-60;-4;-1058
68.341;10;-2;-1168
68.465;70;88;-1333
68.59;80;293;-1281
68.713;54;484;-933
68.838;-34;658;-465
68.961;-124;736;-120
69.085;-144;812;98
69.21;-132;874;222
69.333;-64;918;241
69.737;-44;902;108
69.865;-72;884;-73
69.989;-53;853;-289
70.114;-33;806;-586
70.238;28;618;-765
70.361;73;414;-948
70.486;68;240;-1052
70.609;24;169;-1137
70.734;-28;129;-1129
70.857;-50;109;-1081
71.401;-58;46;-1022
71.525;-66;65;-1053
71.649;-93;140;-1180
71.773;-64;165;-1297
71.901;-33;266;-1232
72.025;-14;425;-890
72.15;-49;662;-410
72.273;-77;816;-77
72.397;-56;864;105
72.661;-34;909;169
72.925;-72;957;137
73.049;-36;890;50
73.173;-2;864;-74
73.297;9;825;-281
73.422;24;740;-474
73.545;50;576;-690
73.669;85;398;-841
73.793;33;312;-1054
74.061;-61;188;-1196
74.185;-70;138;-1086
74.309;-66;94;-1038
74.854;-32;64;-1254
74.977;24;108;-1360
75.101;13;293;-1253
75.23;-45;509;-748
75.353;-132;726;-290
75.477;-142;790;-17
75.601;-88;818;80
75.725;-89;881;158
75.989;-68;966;146
76.113;-37;949;64
76.237;-2;900;-69
76.361;20;852;-233
76.485;20;753;-508
76.609;1;600;-712
76.733;-36;416;-908
76.857;-84;228;-988
76.981;-176;110;-1117
77.105;-217;-8;-1266
77.23;-225;-28;-1250
77.354;-172;-53;-1169
77.897;-93;-32;-1100
78.025;-45;-41;-1332
78.149;-20;6;-1414
78.274;-50;184;-1172
78.397;-78;398;-624
78.521;-172;654;-138
78.646;-185;770;125
78.769;-178;874;206
78.893;-90;885;186
79.017;-56;912;108
79.141;-41;902;22
79.265;4;906;-68
79.389;49;848;-233
79.513;76;804;-422
79.637;58;642;-648
79.761;44;465;-866
79.886;10;221;-1001
80.149;-84;54;-1089
80.413;-138;78;-1108
80.537;-98;34;-1080
80.942;-5;-16;-1165
81.065;49;-29;-1328
81.189;84;16;-1373
81.313;50;177;-1112
81.437;-6;156;-772
81.562;-100;393;-372
81.685;-136;530;-97
81.809;-153;866;150
81.936;-133;920;189
82.061;-140;964;153
82.186;-177;986;102
82.309;-124;945;52
82.433;-18;838;-93
82.557;121;733;-313
82.681;186;598;-537
82.805;125;480;-817
82.929;73;317;-1052
83.053;12;184;-1132
83.177;56;69;-1133
83.301;30;8;-1085
83.425;-13;0;-1134
83.549;-61;8;-1074
83.813;-49;-16;-1044
83.937;-41;-22;-1146
84.061;-9;-18;-1297
84.185;-25;146;-1329
84.31;-45;390;-1008
84.433;-116;654;-498
84.557;-164;761;-17
84.681;-146;782;224
84.805;-104;821;297
85.209;0;826;270
85.333;18;801;-16
85.457;37;712;-418
85.581;24;538;-841
85.705;-4;294;-1097
85.829;-21;124;-1245
85.957;-52;41;-1233
86.081;-65;20;-1146
86.485;-77;-4;-1182
86.609;-53;65;-1297
86.733;-33;238;-1244
86.857;-20;480;-877
86.981;-30;682;-410
87.105;-38;788;-62
87.229;-28;837;129
87.493;2;900;158
87.617;8;876;102
87.741;-18;821;-37
87.865;-54;738;-321
87.989;-77;600;-689
88.113;-65;420;-1020
88.237;-9;226;-1137
88.361;8;85;-1161
88.486;20;6;-1145
88.609;-20;-33;-1118
88.733;-14;-46;-1080
88.857;-25;-68;-1098
88.982;-17;-33;-1257
89.105;-42;160;-1262
89.229;-49;406;-1033
89.353;-9;614;-638
89.477;18;712;-348
89.601;-6;781;-172
89.725;-76;873;-54
89.993;-38;884;-24
90.118;0;801;-157
90.241;26;680;-369
90.365;20;506;-769
90.489;40;301;-1024
90.613;29;138;-1202
90.737;-62;52;-1209
90.861;-84;18;-1194
90.986;-73;-49;-1134
91.109;16;-94;-1069
91.233;24;-126;-1114
91.357;41;-44;-1253
91.481;36;97;-1273
91.605;-1;318;-1072
91.729;-38;534;-664
91.854;-102;724;-333
91.977;-122;816;-136
92.101;-149;862;-68
92.225;-145;909;-14
92.489;-117;920;-74
92.613;-98;860;-229
92.737;-46;710;-458
92.861;-52;557;-778
92.985;-1;358;-934
93.109;2;206;-1061
93.233;26;58;-1065
93.357;-14;-37;-1104
93.764;-64;-105;-1044
94.029;-74;-54;-1148
94.153;-45;28;-1264
94.278;0;192;-1205
94.401;38;414;-920
94.525;21;636;-552
94.649;-1;780;-248
94.773;-26;852;-61
95.161;-57;830;-25
95.285;-48;730;-262
95.409;-34;546;-644
95.533;-34;353;-1006
95.657;-77;178;-1206
95.781;-100;21;-1208
95.905;-106;-45;-1148
96.029;-56;-105;-1077
96.153;0;-76;-1064
96.417;54;-68;-1124
96.541;62;20;-1256
96.665;38;177;-1234
96.789;38;413;-977
96.913;4;596;-544
97.037;-5;740;-212
97.161;-58;825;-12
97.285;-90;888;112
97.409;-121;928;124
97.533;-117;904;106
97.657;-86;830;-25
97.785;-32;666;-317
97.909;20;436;-705
98.035;17;209;-1069
98.157;18;29;-1226
98.281;32;-80;-1173
98.405;30;-138;-1088
98.529;13;-158;-1026
98.793;-4;-154;-1138
98.917;-25;-49;-1294
99.041;-13;177;-1281
99.165;-10;453;-1052
99.289;20;628;-566
99.413;-13;714;-178
99.537;-34;788;100
99.661;-44;880;174
99.785;-14;950;138
100.049;29;913;96
100.173;48;821;32
100.297;9;689;-193
100.421;-41;552;-612
100.545;-65;326;-1014
100.669;-93;121;-1260
100.793;-80;-50;-1262
100.917;-74;-126;-1140
101.041;-37;-138;-1017
101.165;-12;-117;-996
101.289;-21;-80;-1036
101.413;-68;-17;-1105
101.537;-142;193;-1085
101.665;-137;469;-966
101.789;-93;702;-661
101.913;-30;825;-350
102.037;-53;906;-86
102.161;-62;982;26
102.425;-68;1005;61
102.549;-73;988;-54
102.673;-46;898;-309
102.801;-8;565;-654
102.925;33;113;-890
103.049;37;-298;-1004
103.313;8;-461;-966
103.857;8;-381;-988
103.981;5;-165;-1025
104.105;-8;214;-949
104.229;-30;673;-682
104.353;-73;914;-276
104.477;-93;980;-6
104.601;-92;985;74
105.285;-53;974;-106
105.409;-54;785;-386
105.533;-38;457;-769
105.657;-28;142;-1004
106.745;-4;13;-1033
106.869;8;190;-988
106.993;4;464;-844
107.117;-14;724;-600
107.241;-54;896;-352
107.365;-69;958;-170
107.49;-74;990;-77
108.033;-96;1005;-28
108.157;-113;968;-129
108.281;-94;829;-328
108.405;-74;634;-546
108.529;-57;382;-769
108.653;-78;197;-917
108.777;-88;64;-1033
109.181;-44;4;-1053
109.725;-24;74;-1122
109.849;-21;230;-1148
109.973;-52;444;-992
110.097;-89;673;-632
110.222;-120;828;-246
110.349;-96;937;8
110.893;-45;972;69
111.017;-64;920;-68
111.141;-73;777;-354
111.265;-70;550;-664
111.389;-48;337;-926
111.513;-34;173;-1048
111.637;-30;101;-1134
111.761;-32;33;-1125
111.885;-25;9;-1096
112.289;-16;24;-1081
112.413;-26;118;-1138
112.537;-29;330;-1105
112.661;-37;553;-900
112.785;-58;734;-536
112.909;-85;812;-233
113.033;-97;880;-52
113.157;-77;945;-13
113.562;-21;982;20
113.685;-26;897;-109
113.809;-40;770;-365
113.933;-62;576;-652
114.057;-78;420;-893
114.181;-84;302;-1036
114.305;-73;217;-1073
114.432;-58;140;-1084
115.117;-8;84;-1069
115.241;-6;213;-1116
115.365;-13;381;-1030
115.489;-24;565;-829
115.613;-26;718;-470
115.737;-18;857;-205
115.861;-14;933;-50
116.405;-53;908;-116
116.529;-80;765;-326
116.654;-84;586;-676
116.777;-73;444;-994
116.901;-60;330;-1164
117.025;-46;209;-1136
117.149;-45;122;-1070
117.413;-18;14;-1081
117.537;-17;-16;-1053
117.801;0;-21;-1076
117.925;4;76;-1128
118.049;5;258;-1069
118.173;6;502;-872
118.297;5;689;-558
118.421;-2;816;-273
118.545;-22;916;-69
119.233;-60;961;36
119.357;-84;897;-102
119.481;-72;748;-404
119.605;-49;554;-702
119.729;-6;322;-962
119.853;-10;154;-1062
119.977;-28;14;-1097
120.801;5;-25;-1122
120.925;8;193;-1076
121.049;-18;492;-902
121.173;-60;757;-590
121.297;-66;864;-293
121.421;-42;908;-62
121.545;-29;929;65
121.669;-49;974;86
121.933;-69;965;-13
122.057;-73;900;-193
122.181;-74;754;-473
122.305;-78;542;-758
122.429;-50;312;-949
122.553;-22;152;-1064
122.677;-10;57;-1092
123.345;-26;-42;-1078
123.469;-14;113;-1149
123.593;-8;380;-1045
123.717;-10;644;-769
123.841;-40;800;-385
123.965;-56;856;-138
124.089;-70;917;-30
124.213;-66;970;-6
124.617;-49;949;-80
124.741;-77;830;-286
124.865;-94;676;-590
124.989;-80;454;-837
125.113;-50;281;-1008
125.237;-32;121;-1092
125.361;-20;49;-1129
125.485;-6;-25;-1104
126.169;-29;-69;-1045
126.293;-26;22;-1150
126.417;-17;233;-1160
126.541;-10;466;-976
126.665;-24;685;-606
126.789;-54;785;-250
126.913;-82;850;-33
127.037;-82;881;96
127.305;-49;949;149
127.429;-42;957;100
127.553;-57;957;25
127.677;-70;920;-133
127.801;-90;818;-353
127.925;-104;657;-669
128.049;-116;457;-904
128.173;-132;317;-1070
128.297;-122;169;-1113
128.421;-112;86;-1132
128.545;-81;-16;-1106
128.669;-73;-40;-1078
129.493;-13;26;-1086
129.617;34;197;-1284
129.741;62;413;-1325
129.865;68;581;-1080
129.989;1;612;-500
130.113;-53;657;-29
130.237;-72;730;225
130.361;-64;838;282
130.485;-57;904;281
130.609;-66;940;186
130.733;-76;912;-22
130.857;-80;817;-328
130.981;-85;637;-638
131.105;-108;368;-853
131.233;-93;93;-1005
131.357;-73;-85;-1101
131.481;-41;-80;-1174
131.605;-41;12;-1102
131.869;-10;60;-996
132.133;-24;-36;-1026
132.397;-12;42;-1136
132.521;-4;204;-1293
132.645;-9;432;-1257
132.769;-34;605;-981
132.893;-48;713;-534
133.017;-50;750;-154
133.141;-45;801;85
133.265;-48;870;221
133.389;-69;932;234
133.513;-69;954;217
133.637;-65;925;134
133.761;-77;872;-38
133.885;-97;817;-285
134.009;-118;774;-624
134.133;-96;617;-901
134.257;-62;440;-1085
134.381;-62;190;-1114
134.505;-64;54;-1124
134.769;-52;-74;-1078
135.173;-58;-81;-1076
135.301;-26;69;-1253
135.425;-30;341;-1190
135.549;-54;586;-882
135.672;-81;709;-401
135.797;-53;706;-60
135.921;-28;732;122
136.044;-29;788;292
136.309;-56;861;274
136.433;-41;838;120
136.557;-41;817;-105
136.681;-76;757;-373
136.805;-113;620;-706
136.929;-129;476;-976
137.053;-141;256;-1097
137.176;-110;134;-1064
137.3;-76;20;-1044
137.565;-46;-10;-1052
138.373;-8;136;-1182
138.496;12;377;-1165
138.62;2;632;-970
138.745;-29;790;-540
138.869;-54;884;-241
139.008;-45;932;-68
139.397;-52;973;17
139.525;-65;917;-85
139.648;-70;817;-302
139.773;-96;700;-569
139.897;-92;538;-845
140.021;-94;337;-1009
140.145;-78;184;-1101
140.269;-62;88;-1092
140.392;-56;50;-1074
140.516;-49;0;-1061
141.061;-36;113;-1113
141.185;-28;358;-1121
141.308;-50;614;-954
141.432;-58;754;-589
141.557;-61;798;-232
141.68;-46;858;-26
141.804;-44;942;42
142.209;-70;988;-14
142.332;-66;916;-158
142.457;-74;792;-380
142.581;-86;654;-608
142.705;-81;486;-814
142.828;-62;337;-973
142.953;-40;186;-1068
143.077;-37;77;-1081
144.149;-4;90;-1156
144.272;-9;288;-1146
144.396;-24;524;-986
144.521;-70;729;-600
144.645;-85;821;-248
144.769;-81;877;-10
144.894;-77;942;86
145.156;-60;954;-9
145.281;-50;877;-214
145.405;-38;838;-462
145.529;-25;706;-681
145.652;-45;512;-865
145.776;-66;261;-981
145.901;-85;100;-1085
146.165;-56;6;-1081
146.708;-14;42;-1094
146.832;21;185;-1134
146.957;17;418;-1072
147.08;-16;656;-754
147.205;-73;777;-370
147.329;-72;822;-64
147.452;-61;873;56
147.577;-29;929;58
147.701;-14;934;-12
147.827;-17;878;-237
147.953;-12;737;-497
148.077;18;541;-766
148.201;16;312;-952
148.325;13;153;-1052
148.449;-8;61;-1092
149.412;14;2;-1062
149.536;-4;85;-1140
149.665;-32;289;-1116
149.788;-38;536;-876
149.913;-50;728;-454
150.036;-50;814;-78
150.161;-48;866;112
150.284;-46;900;98
150.408;-56;877;-52
150.532;-80;742;-365
150.656;-69;594;-716
150.78;-42;380;-960
150.905;-14;209;-1070
151.028;-17;48;-1074
151.292;-28;-5;-1076
152.116;-14;121;-1085
152.244;-32;366;-1030
152.369;-72;622;-816
152.492;-114;780;-452
152.617;-122;826;-110
152.741;-101;865;90
152.864;-77;926;133
152.988;-48;980;82
153.112;-30;990;-24
153.236;-18;905;-216
153.36;-14;756;-502
153.485;-2;570;-780
153.609;-8;414;-989
153.732;-13;245;-1050
153.856;-16;133;-1093
154.121;-10;18;-1068
154.944;-14;26;-1088
155.068;-5;230;-1177
155.192;-6;445;-1070
155.316;-18;654;-793
155.44;-18;737;-372
155.564;-10;836;-108
155.688;0;913;14
155.813;-8;974;38
155.937;-20;1002;-24
156.061;-44;953;-156
156.184;-81;822;-418
156.312;-104;660;-668
156.436;-125;462;-896
156.56;-112;333;-994
156.685;-82;208;-1076
157.929;-4;81;-1093
158.052;0;216;-1142
158.176;-9;452;-1045
158.3;-56;664;-764
158.425;-100;793;-374
158.548;-106;833;-57
158.672;-88;853;122
158.796;-72;882;217
158.92;-84;922;190
159.044;-69;904;78
159.168;-60;865;-209
159.292;-44;710;-517
159.416;-37;494;-850
159.54;-10;265;-1016
159.664;6;113;-1110
159.792;1;40;-1116
160.056;-38;-41;-1082
160.603;-30;38;-1036
160.729;-8;125;-1181
160.852;-20;282;-1197
160.976;-92;510;-1100
161.1;-144;698;-601
161.225;-144;794;-157
161.348;-66;769;232
161.473;-32;814;348
161.596;-21;882;370
161.72;-32;892;242
161.844;-49;856;-37
161.968;-72;846;-417
162.092;-64;868;-665
162.216;-77;725;-804
162.34;-98;548;-918
162.464;-113;320;-1036
162.588;-78;237;-1089
162.712;-30;120;-1065
162.837;-2;60;-1068
163.52;-2;6;-893
163.644;-8;30;-933
163.769;-30;168;-1029
163.892;-62;333;-1134
164.016;-81;590;-897
164.141;-73;705;-445
164.264;-37;809;-64
164.388;-12;820;194
164.512;2;886;261
164.64;-6;870;172
164.764;-44;842;-112
164.888;-72;714;-436
165.012;-96;552;-744
165.136;-92;352;-966
165.26;-56;144;-1129
165.384;-16;48;-1173
165.508;17;-37;-1121
166.332;-28;20;-1161
166.456;-25;261;-1225
166.581;-33;536;-1026
166.704;-45;718;-550
166.828;-62;750;-58
166.952;-73;772;192
167.076;-90;869;264
167.34;-69;956;168
167.464;-81;941;41
167.588;-120;872;-190
167.712;-166;753;-461
167.836;-168;597;-757
167.96;-180;433;-970
168.084;-142;277;-1058
168.208;-112;145;-1094
168.332;-68;62;-1066
169.28;-5;88;-1165
169.404;33;260;-1181
169.528;46;498;-1001
169.652;12;656;-513
169.776;-33;760;-70
169.9;-73;812;214
170.024;-69;876;308
170.288;-60;929;218
170.412;-78;902;37
170.536;-98;802;-234
170.66;-114;709;-512
170.784;-81;620;-777
170.908;-22;493;-956
171.033;-32;320;-1054
171.156;-64;168;-1080
171.42;-80;88;-1062
172.105;-33;180;-1093
172.228;-16;420;-992
172.352;-2;681;-752
172.477;-20;864;-372
172.6;-28;922;-100
172.724;-30;940;44
172.991;-36;892;56
173.116;-61;896;-9
173.24;-70;894;-174
173.364;-62;848;-404
173.488;-38;713;-697
173.612;-41;496;-892
173.736;-42;262;-1025
173.86;-42;64;-1104
173.984;-30;-52;-1117
174.108;-25;-106;-1100
174.652;-6;-65;-1058
174.776;-2;80;-1132
174.9;-25;373;-1000
175.024;-65;665;-668
175.148;-89;806;-194
175.273;-77;812;120
175.396;-57;808;277
175.52;-49;870;256
175.644;-45;868;32
175.768;-56;793;-332
175.896;-41;613;-673
176.02;-42;468;-920
176.144;-34;306;-1037
176.268;-37;196;-1096
176.392;-33;81;-1085
176.516;-20;5;-1066
177.063;-16;70;-1098
177.188;-34;276;-1098
177.312;-57;536;-952
177.436;-77;744;-552
177.56;-72;816;-130
177.685;-64;853;164
177.808;-50;914;244
177.932;-26;970;213
178.056;-20;962;81
178.18;-26;866;-193
178.304;-62;689;-538
178.428;-76;504;-813
178.552;-81;337;-982
178.676;-60;209;-1068
178.801;-38;110;-1129
178.924;-16;57;-1113
179.608;-16;178;-1096
179.732;-24;420;-965
179.856;-64;702;-673
179.98;-76;830;-273
180.104;-70;862;1
180.228;-45;885;108
180.352;-45;952;105
180.476;-56;974;-24
180.6;-66;910;-221
180.724;-70;798;-482
180.848;-77;674;-709
180.972;-62;509;-908
181.1;-52;337;-1008
181.224;-30;176;-1054
181.348;-26;81;-1049
181.472;-21;18;-1052
182.296;-5;44;-1132
182.42;-2;277;-1141
182.544;-33;546;-1114
182.668;-80;750;-790
182.792;-108;761;-394
182.916;-101;777;-38
183.04;-77;832;154
183.164;-46;937;188
183.428;-18;944;142
183.552;-20;853;-29
183.676;-64;808;-326
183.8;-100;722;-614
183.924;-137;578;-880
184.048;-109;380;-1061
184.172;-68;256;-1150
184.296;-36;168;-1150
184.42;-13;104;-1074
184.544;-9;36;-1012
184.808;-25;6;-993
185.215;-44;-44;-1045
185.34;-40;74;-993
185.464;-65;321;-888
185.588;-89;644;-669
185.712;-117;862;-408
185.836;-118;977;-196
185.96;-113;986;-57
186.084;-109;997;13
186.208;-110;1008;29
186.645;-94;968;-212
186.736;-58;800;-504
186.86;-30;506;-818
186.984;-21;222;-977
187.108;-33;17;-1036
188.212;-36;-26;-1022
188.336;-20;85;-1017
188.46;-14;332;-958
188.584;-14;601;-742
188.708;-32;853;-438
188.832;-46;962;-157
188.956;-50;998;-8
189.08;-45;1002;68
189.204;-38;1009;132
189.471;-44;1016;149
189.596;-48;1025;17
189.72;-44;962;-242
189.845;-26;776;-556
189.968;-8;485;-824
190.092;0;194;-961
190.216;-9;-21;-1017
190.34;-17;-146;-1012
191.444;-33;-98;-1020
191.568;-26;152;-981
191.692;-29;477;-793
191.816;-48;788;-465
191.94;-66;953;-132
192.064;-70;1010;86
192.468;-68;982;77
192.592;-18;909;-264
192.716;6;728;-620
192.84;33;448;-914
192.964;1;197;-978
193.088;-4;36;-1033
194.176;-24;89;-1022
194.3;-53;336;-924
194.424;-73;657;-654
194.548;-88;884;-310
194.672;-80;982;-13
194.796;-80;994;122
195.06;-82;1010;110
195.188;-77;1012;45
195.308;-77;958;-157
195.432;-64;802;-452
195.556;-53;546;-786
195.68;-38;268;-976
195.804;-45;86;-1045
196.732;-37;41;-1038
196.856;-46;188;-1000
196.98;-50;460;-888
197.104;-56;740;-628
197.228;-54;942;-333
197.352;-56;1012;-66
197.476;-52;1018;86
197.6;-54;1000;169
198.004;-56;994;190
198.128;-56;976;10
198.256;-58;826;-332
198.38;-37;584;-684
198.504;-18;286;-938
198.628;-4;102;-1008
199.872;-37;81;-1014
199.996;-52;362;-876
200.12;-72;698;-512
200.244;-96;914;-98
200.648;-105;1021;160
200.772;-86;961;-74
200.896;-52;788;-448
201.02;-37;496;-810
201.144;-32;182;-986
201.268;-36;5;-1018
202.092;-20;98;-1034
202.216;-24;374;-922
202.34;-36;681;-633
202.464;-41;885;-218
202.588;-42;960;92
203.256;-56;1000;166
203.38;-54;958;-50
203.504;-36;798;-413
203.628;-22;524;-789
203.752;-24;232;-986
203.876;-42;29;-1033
204.84;-40;-61;-1005
204.964;-36;50;-1013
205.088;-38;286;-921
205.212;-44;597;-710
205.336;-58;850;-389
205.46;-66;1000;-121
205.583;-61;1032;48
205.708;-58;1030;134
205.972;-56;1009;146
206.096;-57;1016;50
206.222;-61;945;-186
206.344;-44;774;-529
206.468;-18;501;-832
206.592;4;240;-992
206.716;0;48;-1032
207.804;-29;45;-1033
207.927;-40;286;-952
208.052;-46;608;-770
208.176;-52;876;-440
208.3;-41;989;-141
208.424;-38;1006;70
208.828;-36;1010;62
208.952;-32;952;-150
209.076;-21;761;-513
209.2;-10;461;-825
209.324;-12;140;-1004
209.448;-18;-57;-1033
210.131;-40;-32;-1029
210.256;-52;153;-994
210.379;-44;474;-837
210.504;-40;768;-569
210.628;-38;962;-266
210.752;-50;997;-62
211.156;-56;1025;8
211.28;-58;980;-150
211.403;-53;854;-440
211.532;-52;638;-722
211.656;-42;410;-932
211.78;-30;204;-1005
211.903;-10;44;-1032
212.028;1;-54;-1034
212.152;26;-74;-1056
212.275;18;-61;-1037
212.68;6;-18;-1021
212.803;17;154;-1002
212.928;8;429;-866
213.052;-26;717;-644
213.176;-58;900;-350
213.3;-82;978;-148
213.564;-92;1001;-72
213.687;-78;961;-248
213.812;-65;813;-508
213.936;-36;590;-786
214.06;-20;346;-944
214.184;-22;156;-1014
214.308;-48;26;-1033
215.132;-2;48;-1005
215.256;-42;333;-905
215.38;-72;668;-722
215.504;-105;870;-540
215.631;-89;938;-397
216.035;-98;949;-392
216.159;-34;861;-524
216.284;44;668;-734
216.408;106;474;-896
216.532;126;321;-984
216.656;129;246;-1002
217.059;97;118;-1021
217.324;98;126;-1018
217.448;58;313;-950
217.572;25;522;-837
217.695;-61;749;-712
217.82;-94;845;-596
217.944;-125;917;-480
218.068;-137;948;-365
218.191;-134;958;-289
218.456;-141;950;-310
218.58;-138;894;-446
218.704;-92;768;-676
218.827;-53;586;-865
218.951;-30;381;-982
219.076;-16;142;-1012
219.199;-12;-45;-1029
219.603;-25;-117;-1076
219.728;-57;-98;-1066
219.855;-8;108;-986
219.979;-28;332;-885
220.103;37;685;-721
220.228;16;865;-488
220.351;30;1018;-209
220.476;-5;1028;-46
220.739;-24;1029;-80
220.865;-18;948;-278
220.988;-9;810;-542
221.112;2;502;-809
221.235;16;184;-938
221.36;-4;-89;-1006
221.623;-28;-178;-1038
222.028;-40;-6;-1012
222.152;-50;297;-885
222.276;-54;690;-658
222.399;-41;949;-313
222.524;-33;1033;-86
222.648;-24;1017;13
223.051;-48;993;-186
223.175;-66;846;-452
223.299;-66;566;-765
223.423;-61;236;-945
223.547;-45;-10;-1013
223.671;-38;-149;-1013
224.339;-50;-108;-993
224.464;-57;188;-914
224.587;-60;582;-712
224.711;-48;892;-456
224.835;-33;1017;-238
225.239;-9;993;-180
225.369;-14;977;-282
225.487;-25;897;-468
225.611;-44;689;-696
225.735;-53;396;-882
225.86;-50;133;-997
225.983;-38;-21;-1018
226.807;-45;77;-982
226.931;-52;348;-869
227.055;-56;685;-660
227.179;-64;882;-406
227.303;-65;989;-220
227.847;-54;973;-214
227.971;-50;920;-360
228.095;-44;784;-589
228.219;-46;517;-806
228.347;-54;253;-956
228.471;-54;32;-992
229.139;-9;-80;-1046
229.263;-6;141;-1006
229.387;-18;465;-849
229.511;-33;797;-561
229.635;-38;957;-305
229.899;-25;1014;-173
230.024;-18;1000;-245
230.147;-9;960;-378
230.271;1;828;-566
230.395;2;605;-764
230.523;-2;344;-918
230.647;-10;93;-988
230.771;-13;-44;-1014
231.455;-34;-84;-998
231.58;-53;173;-953
231.703;-77;508;-792
231.827;-90;818;-593
231.951;-100;942;-385
232.075;-100;982;-289
232.622;-97;961;-304
232.747;-89;884;-470
232.871;-74;725;-682
232.995;-54;460;-856
233.119;-37;189;-960
233.243;-29;-24;-1006
233.368;-24;-124;-1022
233.911;-85;-118;-974
234.035;-101;34;-968
234.159;-140;385;-848
234.283;-118;732;-641
234.407;-142;966;-354
234.531;-142;989;-172
234.795;-132;998;-138
234.92;-117;1002;-210
235.043;-98;941;-374
235.167;-73;770;-594
235.291;-54;561;-814
235.415;-46;333;-940
235.539;-46;153;-1000
235.663;-46;4;-1018
235.787;-45;-82;-1028
236.471;-32;-148;-985
236.595;-44;21;-958
236.719;-58;325;-850
236.847;-73;690;-669
236.971;-80;906;-430
237.095;-86;985;-272
237.499;-60;944;-362
237.623;-40;792;-553
237.747;-32;584;-792
237.871;-28;293;-937
237.995;-25;80;-1012
238.823;-45;-34;-1024
238.947;-65;161;-976
239.071;-72;477;-824
239.195;-49;761;-613
239.319;-38;954;-366
239.447;-30;1012;-228
239.571;-34;1005;-189
239.695;-32;997;-233
239.819;-24;992;-329
239.943;-9;880;-498
240.068;0;666;-712
240.191;5;372;-900
240.316;0;140;-1000
240.439;1;-34;-1030
241.126;-10;-97;-1018
241.251;-37;85;-980
241.375;-73;378;-850
241.499;-98;718;-617
241.623;-101;928;-340
241.747;-89;1013;-150
242.011;-58;974;-213
242.136;-45;858;-429
242.26;-42;640;-692
242.383;-46;422;-869
242.507;-37;217;-970
242.632;-16;66;-1012
242.755;-10;-38;-1024
243.439;-21;-52;-986
243.563;-26;240;-914
243.687;-45;590;-689
243.811;-49;914;-409
243.936;-60;1004;-117
244.199;-44;1008;-45
244.323;-49;948;-250
244.481;-58;821;-524
244.571;-69;613;-770
244.695;-64;365;-916
244.819;-62;146;-1010
245.767;-64;-5;-1020
245.891;-56;217;-966
246.015;-45;554;-760
246.139;-33;862;-452
246.263;-36;1005;-114
246.387;-41;1029;60
246.511;-38;1037;102
246.635;-34;1009;-96
246.759;-46;822;-418
246.883;-49;520;-770
247.007;-50;178;-961
247.131;-53;-26;-1021
248.095;-74;-89;-1010
248.219;-68;148;-973
248.343;-70;481;-809
248.468;-64;804;-493
248.591;-74;957;-140
248.715;-70;1008;97
248.839;-60;1022;129
248.963;-69;1021;-8
249.087;-73;877;-321
249.211;-88;614;-662
249.336;-88;324;-914
249.459;-85;112;-1005
249.587;-80;-9;-1022
250.115;-70;-40;-1006
250.24;-66;180;-962
250.363;-70;518;-790
250.487;-65;816;-509
250.611;-57;980;-185
250.735;-48;1020;18
250.859;-40;1022;58
250.983;-41;1018;-8
251.107;-34;1018;-169
251.231;-22;901;-412
251.355;-25;652;-701
251.479;-46;352;-922
251.603;-70;140;-1034
252.567;-64;166;-1026
252.691;-72;398;-908
252.815;-80;710;-680
252.943;-100;889;-309
253.067;-105;998;-34
253.331;-104;1026;-5
253.455;-98;961;-242
253.579;-82;812;-542
253.703;-56;590;-776
253.831;-33;406;-932
253.955;-24;194;-1018
254.079;-32;53;-1054
254.747;-45;-81;-1012
254.871;-68;42;-974
254.995;-82;258;-912
255.119;-85;558;-768
255.243;-70;808;-526
255.367;-54;973;-213
255.491;-38;1020;32
255.755;-26;1022;158
255.879;-33;1024;29
256.003;-36;949;-257
256.127;-32;742;-581
256.251;-46;509;-846
256.375;-57;270;-966
256.499;-69;88;-1014
256.623;-60;-45;-1032
257.447;-78;-36;-997
257.571;-89;244;-893
257.695;-90;565;-692
257.819;-73;885;-394
257.943;-49;978;-94
258.071;-33;1014;105
258.195;-29;1017;142
258.319;-32;1033;49
258.443;-36;980;-186
258.567;-32;824;-485
258.691;-32;565;-765
258.815;-45;304;-910
258.939;-60;56;-966
259.063;-68;-81;-993
259.747;-62;-48;-996
259.871;-60;221;-958
259.995;-64;562;-772
260.119;-60;868;-449
260.243;-61;997;-132
260.367;-57;1040;-13
260.491;-45;1002;-128
260.615;-41;916;-352
260.739;-49;740;-610
260.864;-61;528;-824
260.987;-80;305;-953
261.111;-77;125;-1004
261.235;-76;-22;-1029
261.919;-85;-140;-982
262.043;-78;-58;-981
262.169;-62;153;-934
262.295;-50;505;-877
262.419;-53;773;-718
262.543;-60;920;-548
262.667;-45;937;-426
262.791;-40;970;-397
262.915;-61;856;-532
263.039;-76;637;-742
263.163;-80;278;-929
263.287;-57;53;-1010
263.971;-30;-82;-1034
264.375;-22;78;-993
264.499;-57;333;-909
264.623;-105;636;-732
264.747;-122;865;-522
264.871;-126;956;-348
264.995;-112;988;-256
265.259;-101;949;-326
265.383;-106;861;-506
265.507;-98;669;-714
265.631;-78;372;-877
265.755;-65;68;-968
265.879;-69;-140;-1000
266.547;-58;-160;-1012
266.671;-62;-16;-984
266.795;-57;282;-898
266.919;-66;628;-701
267.043;-61;872;-502
267.167;-62;960;-332
267.431;-34;972;-314
267.555;-40;884;-490
267.679;-52;636;-713
267.803;-54;325;-917
267.927;-45;26;-996
268.051;-40;-122;-1018
269.155;-57;141;-945
269.279;-70;508;-778
269.403;-82;878;-549
269.527;-72;945;-317
269.651;-56;986;-181
269.775;-49;1016;-97
270.039;-49;1041;-70
270.163;-73;997;-221
270.287;-74;713;-509
270.411;-66;337;-809
270.535;-33;-37;-982
270.662;-25;-176;-1013
271.591;-36;-154;-1010
271.715;-45;61;-974
271.839;-62;397;-858
271.963;-76;701;-660
272.087;-96;898;-429
272.211;-89;973;-245
272.335;-80;1006;-104
272.459;-62;1016;-20
273.003;-93;997;-26
273.127;-110;956;-214
273.251;-108;808;-524
273.375;-86;590;-789
273.499;-56;330;-956
273.623;-32;98;-1014
273.747;-25;-74;-1022
274.431;-32;-138;-1006
274.555;-36;36;-997
274.679;-57;341;-917
274.803;-65;625;-756
274.927;-73;848;-533
275.055;-62;949;-313
275.179;-54;997;-133
275.303;-42;1013;12
275.427;-36;1018;108
275.691;-49;1018;12
275.815;-65;985;-217
275.939;-81;832;-525
276.063;-81;586;-774
276.187;-65;280;-946
276.311;-52;50;-1018
276.435;-41;-80;-1025
277.119;-50;-44;-1005
277.247;-61;213;-949
277.371;-66;517;-834
277.495;-62;784;-662
277.619;-64;881;-514
277.743;-80;949;-377
277.867;-92;964;-264
277.991;-89;993;-142
278.115;-76;1005;-68
278.379;-77;1005;-118
278.503;-85;940;-310
278.631;-70;786;-581
278.755;-65;553;-805
278.879;-52;321;-950
279.003;-48;140;-1008
279.131;-34;38;-1028
279.255;-25;-36;-1025
279.939;-29;-113;-1016
280.063;-30;62;-974
280.187;-22;378;-877
280.311;-37;724;-652
280.435;-41;925;-405
280.559;-48;997;-177
280.683;-36;1024;-65
280.807;-33;1034;-44
280.931;-53;1001;-153
281.055;-82;893;-401
281.179;-104;686;-673
281.303;-94;414;-885
281.427;-70;168;-981
281.551;-52;0;-1018
281.675;-48;-78;-1022
282.499;-46;-74;-1008
282.623;-69;116;-972
282.747;-92;408;-868
282.871;-104;706;-677
282.995;-96;900;-461
283.119;-92;993;-265
283.243;-84;1001;-117
283.371;-82;1006;-4
283.635;-88;1029;-21
283.759;-101;969;-237
283.883;-106;804;-542
284.007;-82;533;-816
284.131;-50;262;-968
284.254;-24;34;-1022
284.378;-12;-94;-1029
285.046;-22;-129;-1022
285.171;-42;14;-1005
285.295;-78;282;-918
285.419;-105;598;-734
285.542;-116;853;-476
285.666;-104;981;-216
285.791;-85;1021;-1
286.055;-66;998;25
286.179;-76;980;-137
286.303;-89;937;-360
286.427;-96;776;-594
286.551;-94;501;-828
286.675;-81;204;-980
286.799;-58;-9;-1017
287.747;-61;-96;-1006
287.871;-80;100;-965
287.995;-94;414;-841
288.118;-98;745;-601
288.242;-82;944;-301
288.367;-73;1014;-33
288.491;-57;1013;121
288.755;-48;1013;116
288.879;-62;992;-25
289.003;-82;964;-209
289.127;-98;882;-444
289.251;-82;697;-672
289.379;-69;404;-870
289.503;-41;102;-976
289.627;-45;-72;-1014
290.591;-62;-52;-1006
290.715;-68;72;-1028
290.839;-84;270;-990
290.962;-88;513;-880
291.087;-89;736;-645
291.211;-72;925;-337
291.335;-70;978;-109
291.74;-73;1009;-50
291.867;-61;944;-282
291.991;-36;721;-580
292.115;1;434;-852
292.239;10;157;-978
292.363;6;2;-1021
292.907;-4;-94;-1030
293.03;-17;61;-994
293.155;-41;349;-873
293.279;-56;676;-654
293.403;-62;901;-430
293.527;-52;988;-221
293.65;-52;1009;-76
293.915;-57;1028;1
294.039;-69;1006;-129
294.163;-64;912;-358
294.286;-66;712;-626
294.411;-46;441;-854
294.535;-30;181;-986
294.658;-17;-18;-1028
295.623;-21;-113;-1017
295.746;-36;-1;-996
295.871;-42;290;-924
295.995;-49;608;-754
296.122;-45;880;-502
296.247;-65;988;-196
296.371;-68;1029;-1
296.639;-76;1037;-12
296.762;-88;984;-222
296.887;-72;800;-516
297.011;-45;564;-792
297.135;-13;317;-950
297.259;-4;120;-1010
297.382;0;-49;-1022
297.527;1;-149;-1014
298.191;-16;-136;-1010
298.315;-32;-20;-1000
298.439;-34;260;-988
298.563;-58;561;-832
298.686;-85;833;-609
298.811;-126;949;-372
298.934;-140;990;-220
299.059;-142;1010;-105
299.322;-142;1020;-48
299.446;-132;946;-265
299.571;-101;700;-577
299.694;-53;388;-854
299.818;-18;94;-989
299.942;-16;-54;-1021
300.61;-20;-154;-1024
300.734;-29;-88;-1028
300.859;-44;73;-1006
300.982;-64;317;-917
301.11;-96;634;-713
301.234;-104;881;-428
301.359;-86;1009;-169
301.482;-50;1026;-6
301.606;-38;1034;14
301.731;-40;990;-157
301.854;-52;778;-456
301.979;-49;485;-782
302.103;-42;166;-964
302.226;-44;-4;-1034
302.895;-65;-41;-1009
303.018;-78;96;-986
303.142;-89;314;-924
303.266;-108;592;-752
303.391;-109;820;-526
303.515;-106;972;-218
303.638;-84;1009;-6
304.043;-68;1034;78
304.166;-80;1037;-92
304.29;-76;948;-352
304.417;-58;706;-653
304.543;-25;354;-877
304.666;-14;65;-992
304.79;-8;-96;-1018
305.614;-48;2;-978
305.739;-82;293;-881
305.863;-126;630;-714
305.986;-146;886;-460
306.11;-132;989;-230
306.234;-113;1033;-72
306.638;-126;1009;-90
306.762;-145;902;-361
306.886;-124;653;-662
307.01;-106;356;-909
307.134;-85;120;-993
307.259;-96;-9;-1036
308.502;-97;56;-972
308.627;-105;382;-828
308.75;-101;713;-642
308.878;-88;958;-397
309.002;-65;993;-196
309.127;-49;1024;13
309.53;-36;1042;92
309.654;-50;1001;-90
309.778;-76;886;-374
309.902;-89;553;-705
310.026;-96;214;-910
310.151;-96;-73;-1004
310.974;-86;-116;-1013
311.098;-80;-2;-1014
311.222;-61;200;-977
311.347;-56;502;-830
311.471;-52;782;-546
311.595;-49;977;-226
311.718;-36;1030;10
312.122;-21;1020;29
312.246;-25;961;-194
312.37;-33;846;-501
312.494;-41;617;-754
312.618;-46;344;-922
312.742;-50;80;-997
312.866;-54;-70;-1020
313.675;-69;-88;-1006
313.798;-82;53;-980
313.922;-105;346;-880
314.046;-109;649;-706
314.17;-114;898;-444
314.294;-98;997;-204
314.42;-82;1026;-16
314.546;-66;1028;74
314.67;-70;1028;80
314.794;-88;1028;-62
314.918;-82;876;-386
315.043;-66;638;-705
315.166;-44;384;-934
315.29;-40;216;-989
315.414;-34;97;-1018
315.538;-37;-4;-1030
316.362;-78;-54;-1010
316.486;-56;264;-942
316.61;-58;618;-754
316.734;-56;910;-473
316.858;-85;993;-204
317.122;-89;1032;-73
317.246;-97;989;-194
317.373;-102;900;-410
317.498;-101;765;-642
317.622;-105;546;-834
317.746;-113;293;-945
317.87;-117;37;-1009
317.994;-105;-100;-1025
318.538;-58;-100;-1018
318.802;-40;25;-980
318.926;-76;285;-884
319.05;-104;602;-714
319.175;-125;868;-481
319.298;-121;968;-260
319.422;-108;1010;-113
319.826;-97;962;-194
319.95;-105;810;-465
320.074;-86;498;-764
320.198;-52;220;-938
320.322;-29;1;-1001
321.146;-58;-16;-978
321.27;-86;266;-905
321.394;-105;590;-750
321.518;-105;872;-506
321.645;-88;973;-248
321.77;-82;1022;-78
321.894;-78;1018;-48
322.018;-98;978;-169
322.182;-105;857;-420
322.266;-93;560;-698
322.39;-62;226;-913
322.515;-49;-26;-996
323.338;-57;-66;-1021
323.462;-66;196;-949
323.586;-62;518;-774
323.71;-53;841;-506
323.834;-33;954;-257
323.958;-28;1005;-102
324.222;-30;1018;-69
324.346;-40;1005;-184
324.47;-61;885;-426
324.594;-64;572;-684
324.718;-68;233;-906
324.842;-52;-21;-994
325.806;-61;45;-918
325.93;-68;344;-700
326.058;-74;698;-421
326.182;-72;937;-162
326.446;-66;1021;-93
326.571;-120;926;-344
326.694;-148;638;-672
326.818;-152;328;-896
326.942;-109;41;-1002
327.066;-88;-46;-1024
327.89;-61;56;-972
328.015;-29;410;-848
328.138;-10;773;-557
328.262;-2;1008;-220
328.386;-14;1017;42
328.65;-20;1014;-17
328.774;-40;888;-285
328.898;-40;553;-656
329.022;-28;214;-910
329.146;-2;-18;-1029
329.55;8;-109;-1024
330.094;-4;-76;-1005
330.218;-24;217;-897
330.345;-53;558;-644
330.47;-76;878;-328
330.594;-78;968;-105
330.718;-66;1050;-64
330.842;-70;993;-274
330.966;-72;656;-609
331.09;-65;237;-917
331.214;-46;-92;-1041
332.178;-38;-81;-994
332.302;-66;245;-924
332.426;-92;613;-740
332.55;-100;934;-482
332.675;-88;1006;-257
332.798;-84;1022;-205
332.922;-100;945;-372
333.046;-86;674;-600
333.17;-58;344;-840
333.294;-21;28;-965
333.418;-12;-102;-1034
334.382;-25;-26;-990
334.506;-34;298;-894
334.63;-41;682;-682
334.758;-41;945;-417
334.906;-34;1014;-182
335.146;-41;990;-217
335.27;-42;724;-490
335.394;-50;374;-784
335.518;-26;57;-956
336.482;-13;-66;-1001
336.606;-37;150;-949
336.73;-60;496;-778
336.854;-93;816;-545
336.978;-97;969;-310
337.242;-98;978;-253
337.366;-104;926;-385
337.49;-94;726;-592
337.614;-86;424;-800
337.738;-77;90;-950
337.862;-76;-86;-1005
338.686;-48;-58;-1029
338.81;-44;149;-966
338.934;-36;526;-726
339.061;-40;834;-401
339.186;-54;1002;-128
339.31;-90;1002;-48
339.434;-105;1004;-145
339.558;-93;990;-305
339.682;-61;798;-544
339.806;-24;497;-765
339.93;-4;134;-933
340.054;-6;-80;-1040
340.178;-17;-125;-1042
340.302;-50;-101;-1057
340.426;-38;-46;-1032
340.83;1;49;-1012
340.954;-14;221;-942
341.078;-45;518;-794
341.24;-89;774;-553
341.326;-141;936;-292
341.45;-173;997;-25
341.714;-201;993;9
341.838;-165;845;-334
341.962;-113;578;-697
342.086;-46;262;-936
342.21;-21;2;-992
342.334;4;-148;-1017
342.878;-30;-145;-998
343.002;-57;81;-968
343.128;-114;456;-785
343.254;-150;816;-488
343.378;-158;980;-117
343.502;-122;998;157
343.766;-57;1005;200
343.89;-29;946;-90
344.014;14;825;-481
344.138;53;566;-806
344.262;66;286;-968
344.387;56;1;-1021
344.51;22;-158;-1021
345.054;-64;-148;-1004
345.178;-66;20;-981
345.302;-77;373;-822
345.426;-86;745;-554
345.55;-85;970;-228
345.675;-81;1013;-12
345.938;-54;1017;-8
346.062;-24;953;-264
346.186;-5;682;-606
346.31;12;345;-868
346.434;9;26;-996
346.558;9;-116;-1017
347.242;-10;-137;-1018
347.402;-22;30;-990
347.494;-21;337;-896
347.618;-24;658;-702
347.742;-28;904;-466
347.866;-44;986;-297
347.99;-45;1017;-280
348.114;-45;904;-452
348.238;-38;681;-678
348.362;-30;372;-888
348.486;-24;120;-977
348.61;-16;-25;-1014
349.434;-16;-10;-1010
349.558;-20;168;-966
349.682;-20;456;-838
349.806;-28;746;-602
349.93;-36;950;-308
350.054;-36;1030;-73
350.178;-28;1032;0
350.302;-16;1033;-88
350.426;-16;985;-306
350.55;-12;806;-574
350.674;-16;517;-824
350.798;-24;209;-972
350.922;-30;6;-1020
351.59;-32;10;-1009
351.714;-28;232;-948
351.838;-17;572;-761
351.962;-9;850;-453
352.086;-4;1005;-144
352.21;8;1028;56
352.334;21;1008;88
352.458;32;1012;12
352.582;29;948;-232
352.706;21;792;-534
352.83;-2;516;-817
352.954;-13;258;-970
353.078;-22;76;-1028
353.202;-13;-25;-1040
353.326;-14;-81;-1029
354.01;-12;-62;-1032
354.134;-20;42;-1018
354.258;-28;248;-952
354.382;-30;518;-777
354.506;-29;797;-476
354.63;-29;962;-214
354.894;-25;1045;-50
355.018;-21;978;-209
355.142;-21;840;-478
355.266;-25;532;-765
355.39;-32;224;-934
355.517;-34;-37;-997
356.622;-48;25;-1009
356.746;-53;224;-976
356.87;-52;509;-870
356.994;-42;758;-648
357.118;-37;949;-366
357.242;-13;1018;-117
357.366;14;1020;41
357.77;28;1006;29
357.894;-5;964;-198
358.018;-36;780;-530
358.142;-65;492;-818
358.266;-88;236;-980
358.39;-108;77;-1044
359.353;-66;-2;-989
359.482;-54;196;-934
359.606;-44;497;-806
359.73;-37;780;-576
359.854;-29;941;-282
359.978;-29;1000;-12
360.246;-16;1010;90
360.37;-9;1021;-72
360.494;-36;892;-420
360.618;-40;610;-744
360.742;-52;293;-980
360.865;-29;86;-1002
360.99;-17;14;-1022
361.813;-62;-61;-1036
361.938;-74;25;-1005
362.062;-76;258;-961
362.186;-69;588;-773
362.31;-58;870;-500
362.433;-53;1008;-164
362.558;-42;1022;53
362.822;-46;1050;10
362.945;-74;949;-280
363.07;-89;632;-629
363.194;-88;284;-908
363.317;-64;-8;-1008
363.441;-37;-100;-1028
364.125;-58;-141;-1008
364.25;-70;-85;-1009
364.378;-92;142;-944
364.501;-80;454;-792
364.625;-92;776;-500
364.75;-82;929;-189
364.873;-66;1005;93
364.998;-28;1001;249
365.122;-12;1022;284
365.245;-12;1006;101
365.37;-30;913;-266
365.497;-58;593;-668
365.621;-86;252;-929
365.746;-98;-9;-1018
366.57;-54;-12;-1013
366.694;-61;202;-957
366.818;-76;561;-700
366.942;-88;861;-336
367.065;-100;1018;4
367.189;-101;1042;80
367.314;-90;989;-129
367.437;-54;789;-446
367.562;-18;510;-778
367.685;8;242;-932
367.81;8;100;-1018
367.933;5;-4;-1016
368.198;-20;-78;-1002
368.589;-21;-20;-1028
368.714;-34;161;-969
368.838;-44;460;-829
368.962;-48;745;-594
369.086;-38;921;-332
369.209;-18;988;-137
369.334;0;1021;-2
369.598;8;1049;-9
369.721;-9;950;-254
369.846;-29;762;-589
369.969;-49;476;-857
370.093;-50;246;-984
370.217;-45;60;-1022
370.341;-38;-49;-1025
370.465;-40;-117;-1017
371.15;-40;-140;-1030
371.274;-56;-40;-1013
371.398;-68;189;-958
371.522;-86;537;-785
371.646;-97;826;-546
371.77;-94;1001;-248
371.894;-74;1018;-54
372.157;-44;1020;20
372.282;-52;986;-176
372.405;-60;805;-500
372.532;-70;528;-816
372.658;-66;218;-978
372.781;-52;42;-1021
373.605;-50;-34;-1018
373.729;-49;128;-988
373.855;-48;406;-922
373.977;-50;696;-721
374.102;-60;904;-469
374.225;-62;1001;-194
374.35;-56;1028;-26
374.474;-50;1016;112
374.597;-54;1001;146
374.722;-69;981;138
374.845;-86;988;52
374.969;-105;993;-97
375.093;-98;985;-344
375.217;-94;768;-644
375.342;-82;453;-869
375.465;-93;137;-992
376.429;-49;53;-1021
376.554;-50;185;-982
376.677;-70;478;-877
376.801;-85;696;-696
376.929;-90;865;-500
377.053;-82;896;-337
377.178;-74;929;-245
377.302;-68;973;-197
377.425;-62;984;-326
377.549;-72;810;-580
377.674;-84;538;-845
377.797;-86;218;-982
377.921;-78;56;-1004
378.045;-72;-44;-1013
378.169;-65;-96;-1021
378.713;-33;-46;-1022
378.837;-41;105;-984
378.961;-46;440;-885
379.086;-78;737;-646
379.21;-113;952;-360
379.334;-137;976;-93
379.458;-132;994;46
379.581;-120;1010;106
379.705;-120;1022;72
379.829;-110;1038;-61
379.953;-86;940;-334
380.077;-66;716;-640
380.201;-54;409;-868
380.326;-45;154;-962
380.449;-32;18;-1002
381.257;-78;-28;-1021
381.382;-96;102;-974
381.505;-110;370;-894
381.629;-117;681;-692
381.753;-113;912;-437
381.877;-100;1001;-168
382.001;-78;998;-9
382.406;-77;1018;4
382.529;-88;1014;-97
382.653;-90;978;-269
382.777;-77;869;-506
382.901;-60;653;-738
383.025;-58;376;-908
383.149;-57;126;-978
383.273;-52;-20;-1010
384.097;-68;-16;-1036
384.222;-84;105;-1016
384.345;-94;353;-918
384.469;-81;648;-696
384.593;-81;902;-382
384.717;-85;1006;-109
384.841;-88;1025;54
385.108;-82;1009;78
385.233;-86;1001;-18
385.358;-82;997;-172
385.482;-82;936;-356
385.605;-65;788;-569
385.729;-68;497;-776
385.854;-60;213;-946
385.977;-76;0;-1024
386.801;-66;-76;-1013
386.926;-64;16;-1012
387.049;-66;244;-953
387.173;-84;562;-758
387.298;-112;844;-432
387.421;-140;986;-128
387.545;-146;1005;48
387.67;-140;1026;76
387.793;-132;1000;-50
387.917;-108;917;-340
388.042;-82;681;-673
388.165;-53;434;-926
388.289;-36;190;-1020
388.413;-26;42;-1045
388.537;-26;-58;-1029
389.221;-52;-90;-1030
389.349;-69;20;-1016
389.474;-113;250;-941
389.597;-149;573;-760
389.721;-168;846;-486
389.845;-177;984;-226
390.25;-161;1008;-100
390.373;-128;946;-273
390.497;-73;706;-576
390.622;-30;405;-841
390.745;-4;144;-994
391.289;-29;-18;-1021
391.413;-52;-46;-988
391.537;-66;25;-972
391.661;-104;289;-889
391.785;-133;601;-722
391.909;-170;861;-456
392.033;-184;956;-222
392.297;-173;1025;-106
392.421;-138;1009;-265
392.545;-73;813;-542
392.669;-22;572;-813
392.793;21;296;-970
392.917;38;146;-1017
393.041;44;24;-1029
393.166;22;-48;-1037
393.673;-37;-30;-996
393.797;-41;165;-949
393.921;-56;456;-817
394.045;-78;746;-613
394.169;-116;896;-377
394.293;-146;965;-229
394.417;-148;981;-193
394.541;-140;964;-317
394.665;-100;750;-517
394.789;-66;473;-776
394.913;-18;184;-928
395.037;1;73;-1024
395.721;-40;-45;-1001
395.845;-76;89;-981
395.969;-116;342;-885
396.093;-154;678;-692
396.217;-176;906;-414
396.341;-178;1005;-168
396.465;-157;1029;-37
396.729;-133;1010;-184
396.853;-109;821;-489
396.977;-90;494;-813
397.101;-61;168;-996
397.225;-52;-10;-1032
397.753;-41;-46;-1022
397.877;-41;61;-1025
398.001;-56;266;-965
398.125;-97;545;-777
398.249;-169;789;-493
398.373;-209;953;-258
398.497;-205;1009;-137
398.901;-137;1002;-128
399.025;-117;965;-272
399.149;-76;773;-513
399.273;-28;464;-784
399.397;5;129;-957
400.205;17;-5;-1026
400.329;5;238;-929
400.453;-9;578;-754
400.577;-44;865;-477
400.701;-61;990;-238
400.965;-74;969;-168
401.089;-64;780;-406
401.213;-40;514;-717
401.337;-4;225;-949
401.461;-4;64;-1028
401.589;-24;-61;-1034
401.713;-48;-128;-1017
402.401;-44;-89;-1002
402.525;-49;98;-972
402.649;-65;417;-902
402.773;-85;672;-725
402.897;-102;870;-500
403.021;-106;949;-298
403.285;-97;1010;-193
403.409;-97;950;-356
403.533;-92;716;-605
403.674;-77;388;-857
403.781;-49;105;-977
403.905;-36;-20;-1010
404.589;-38;9;-1021
404.713;-72;194;-970
404.837;-126;486;-782
404.961;-177;794;-510
405.085;-186;976;-234
405.209;-169;1042;-105
405.473;-136;970;-161
405.597;-96;810;-429
405.721;-70;538;-730
405.845;-18;252;-966
405.969;-17;45;-1017
406.797;-30;-40;-1030
406.921;-38;52;-1012
407.045;-46;238;-972
407.169;-81;505;-828
407.293;-108;749;-636
407.417;-126;926;-362
407.541;-114;988;-201
407.665;-113;1024;-136
407.789;-116;972;-244
407.913;-101;854;-472
408.037;-78;589;-734
408.161;-54;329;-929
408.285;-45;101;-1001
409.109;-24;29;-1004
409.233;-48;166;-952
409.357;-82;424;-826
409.481;-125;684;-652
409.605;-134;889;-432
409.729;-133;981;-258
409.993;-141;952;-314
410.117;-138;748;-556
410.253;-125;457;-830
410.369;-89;218;-977
410.493;-61;97;-1021
411.317;-68;136;-992
411.441;-84;400;-878
411.565;-98;670;-653
411.689;-116;888;-392
411.817;-122;954;-182
411.941;-128;1012;-56
412.065;-121;1036;-44
412.189;-129;953;-220
412.313;-120;713;-526
412.437;-85;396;-828
412.561;-48;148;-982
413.665;-18;32;-1024
413.789;-20;164;-994
413.913;-37;369;-914
414.037;-76;634;-756
414.161;-122;877;-489
414.285;-144;1014;-236
414.549;-164;960;-238
414.673;-166;678;-542
414.801;-149;341;-857
414.925;-105;69;-1013
415.889;-68;73;-1018
416.013;-85;253;-954
416.137;-69;560;-793
416.261;-33;813;-536
416.385;-1;994;-262
416.509;9;1022;-105
416.633;18;1028;-78
416.757;21;992;-176
416.881;17;924;-349
417.006;28;764;-556
417.129;24;508;-786
417.253;26;232;-946
417.377;9;20;-1026
418.201;1;-26;-1052
418.325;-2;129;-1029
418.449;8;373;-966
418.573;4;660;-752
418.697;-5;873;-513
418.821;-29;996;-246
418.945;-40;1017;-70
419.193;-28;1026;-44
419.317;-37;964;-301
419.441;-50;633;-618
419.565;-36;280;-898
420.389;-40;81;-1024
420.513;-25;281;-965
420.637;-34;590;-769
420.761;-37;854;-458
420.885;-73;994;-130
421.009;-65;1008;68
421.133;-62;1041;108
421.257;-64;978;-116
421.381;-65;734;-468
421.505;-50;398;-813
421.629;0;104;-1000
421.753;29;2;-1046
421.877;32;-17;-1053
422.421;-46;-24;-1045
422.545;-48;189;-989
422.669;-25;472;-836
422.793;-33;800;-557
422.917;-46;950;-280
423.041;-78;1025;-82
423.165;-82;1040;-62
423.293;-104;978;-224
423.417;-106;788;-517
423.541;-77;476;-828
423.665;-30;173;-988
423.789;2;1;-1045
423.913;-4;-58;-1050
424.457;-78;22;-1028
424.581;-93;210;-977
424.705;-101;533;-812
424.829;-97;854;-489
424.953;-88;1016;-188
425.217;-92;1022;-90
425.341;-117;898;-366
425.465;-129;580;-709
425.589;-110;234;-948
426.413;-46;112;-1026
426.537;-60;264;-978
426.661;-74;510;-873
426.785;-105;714;-661
426.909;-132;874;-420
427.033;-160;934;-193
427.297;-164;929;-236
427.421;-118;673;-542
427.547;-90;392;-834
427.673;-42;112;-997
427.797;-30;2;-1016
428.481;-38;-6;-1016
428.605;-58;138;-976
428.729;-85;420;-849
428.853;-117;689;-676
428.977;-172;882;-445
429.101;-208;952;-292
429.365;-184;962;-298
429.489;-113;812;-504
429.613;-41;550;-753
429.737;32;253;-945
429.861;64;30;-1013
429.985;88;-90;-1029
430.529;33;-38;-1028
430.653;29;157;-992
430.777;36;473;-866
430.901;9;784;-629
431.025;-25;972;-321
431.149;-68;1025;-44
431.273;-65;994;154
431.537;-42;969;106
431.661;-49;942;-125
431.789;-54;728;-496
431.913;-46;468;-800
432.037;-29;178;-1012
432.161;-16;45;-1049
432.285;10;4;-894
432.409;6;-5;-868
432.533;10;16;-893
432.657;17;8;-1005
432.781;48;58;-1041
432.905;38;212;-1048
433.029;-18;452;-1077
433.153;-72;693;-924
433.277;-61;798;-660
433.401;-28;828;-358
433.525;-2;822;-156
433.653;-37;874;-49
433.917;-62;909;13
434.041;-69;936;-53
434.165;-33;921;-177
434.289;25;836;-421
434.413;60;584;-694
434.537;13;361;-961
434.661;-29;174;-1110
434.785;-22;62;-1125
434.909;-8;-25;-1086
435.86;1;-98;-1056
435.985;-13;-20;-1145
436.109;-50;192;-1153
436.233;-92;473;-1040
436.357;-96;754;-664
436.481;-61;864;-326
436.605;-44;908;-52
436.729;-4;868;50
436.853;5;893;124
437.117;12;893;130
437.24;13;889;-32
437.364;16;898;-260
437.489;-10;840;-561
437.612;6;684;-705
437.736;29;468;-854
437.861;24;285;-948
437.985;-26;188;-1081
438.109;-62;114;-1125
438.233;-41;48;-1084
438.357;-25;-30;-1062
439.041;-44;-57;-1048
439.165;-41;52;-1073
439.288;-54;221;-1118
439.412;-65;428;-1116
439.537;-65;604;-974
439.661;-30;738;-726
439.785;-21;810;-473
439.913;-4;854;-300
440.036;-8;876;-193
440.16;2;918;-81
440.284;-2;948;32
440.548;-22;962;78
440.672;13;914;-88
440.797;21;849;-334
440.92;26;701;-613
441.045;13;513;-800
441.169;1;326;-978
441.292;-24;228;-1078
441.417;-41;182;-1142
441.541;-24;102;-1105
441.665;13;17;-1060
441.789;-2;-52;-1048
442.473;-10;-70;-1074
442.596;-80;77;-1149
442.721;-160;333;-1121
442.844;-241;654;-926
442.968;-192;796;-588
443.092;-110;825;-273
443.216;-62;802;-46
443.341;-60;840;118
443.464;-48;885;190
443.588;-17;926;212
443.853;-21;926;121
443.981;-17;876;-57
444.105;-52;858;-310
444.229;-26;738;-570
444.353;-72;586;-848
444.477;-22;361;-1010
444.6;-49;142;-1117
445.565;-44;-58;-1072
445.688;-60;45;-1113
445.812;-65;244;-1110
445.936;-100;513;-1013
446.061;-89;704;-796
446.184;-70;797;-520
446.309;-29;826;-253
446.433;-34;884;-50
446.556;-42;940;64
446.82;-45;1002;86
447.085;-44;998;30
447.209;-53;930;45
447.332;-62;878;-26
447.457;-81;833;-214
447.581;-81;826;-448
447.705;-101;770;-700
447.828;-88;622;-834
447.953;-68;454;-949
448.08;-40;222;-970
448.205;-78;108;-1037
448.469;-90;-36;-1088
449.152;-46;-54;-1064
449.312;-72;41;-1222
449.401;-101;317;-1201
449.525;-121;565;-1032
449.648;-84;728;-632
449.772;-49;749;-317
449.897;-22;792;-89
450.02;-24;868;6
450.145;-22;920;50
450.269;-34;958;34
450.392;-22;926;-21
450.516;-14;862;-176
450.641;5;789;-401
450.765;17;664;-622
450.888;18;492;-833
451.012;37;266;-974
451.136;-20;90;-1141
451.26;-10;-12;-1169
451.385;-16;-65;-1156
452.068;-33;30;-1108
452.193;-60;225;-1149
452.32;-100;520;-1041
452.444;-106;744;-756
452.569;-92;838;-422
452.692;-84;872;-164
452.816;-76;878;-4
452.94;-61;921;92
453.064;-40;949;113
453.468;-36;964;33
453.593;-34;929;-68
453.716;-52;844;-217
453.84;-73;704;-428
453.964;-92;548;-701
454.089;-90;352;-941
454.212;-78;221;-1090
454.336;-82;104;-1144
454.46;-57;58;-1132
454.584;-37;20;-1104
455.269;-41;81;-1117
455.392;-96;240;-1141
455.516;-206;545;-1005
455.651;-209;734;-674
455.764;-169;878;-309
455.888;-84;880;-28
456.012;-76;882;101
456.137;-70;894;180
456.26;-68;938;192
456.389;-72;990;165
456.652;-74;966;58
456.776;-85;930;-46
456.901;-108;884;-224
457.024;-113;761;-458
457.148;-148;608;-722
457.272;-100;404;-906
457.396;-101;273;-1050
457.52;-57;138;-1098
457.644;-66;45;-1129
457.769;-32;-30;-1100
458.732;-104;81;-1124
458.856;-144;328;-1076
458.981;-173;606;-905
459.104;-120;778;-570
459.229;-53;858;-257
459.353;-24;898;-14
459.477;-29;925;128
459.741;-30;954;164
459.865;-16;932;88
459.988;-32;869;-89
460.112;-45;778;-290
460.236;-85;666;-497
460.361;-80;522;-734
460.487;-24;256;-678
460.612;-5;81;-838
460.736;-21;-64;-860
460.861;-66;-84;-1101
460.985;-81;-110;-1085
461.528;-42;-45;-1081
461.652;-65;17;-1148
461.777;-72;201;-1170
461.901;-90;425;-1022
462.027;-93;666;-700
462.148;-109;789;-362
462.272;-105;888;-68
462.396;-34;882;101
462.52;10;914;186
462.645;37;929;172
462.768;10;945;100
462.892;-6;918;-34
463.016;-18;797;-262
463.14;-46;632;-574
463.265;-49;414;-846
463.388;-76;242;-1032
463.513;-76;94;-1126
463.637;-86;-10;-1145
463.76;-70;-77;-1128
463.885;-46;-88;-1066
464.272;-70;-28;-1052
464.396;-96;64;-1144
464.525;-100;244;-1154
464.648;-114;469;-1002
464.772;-98;677;-678
464.896;-85;810;-346
465.02;-81;854;-106
465.145;-89;893;48
465.269;-85;909;122
465.392;-73;965;124
465.516;-64;998;77
465.78;-42;945;-28
465.905;-21;904;-106
466.028;-20;789;-281
466.152;-41;653;-562
466.276;-13;321;-928
466.4;4;76;-1157
466.524;66;-102;-1197
466.648;20;-146;-1113
466.772;-14;-153;-1052
467.176;-40;-76;-1082
467.3;-100;33;-1166
467.424;-125;169;-1182
467.548;-181;414;-1017
467.672;-138;600;-726
467.796;-100;766;-397
467.92;-40;842;-150
468.044;-30;921;5
468.168;-30;965;98
468.435;-40;957;77
468.561;-38;924;-26
468.684;-58;878;-174
468.808;-80;834;-346
468.932;-101;714;-570
469.056;-86;493;-824
469.18;-40;229;-1017
469.304;16;-6;-1101
469.568;33;-130;-1081
469.832;-28;-94;-1069
470.236;-93;-53;-1138
470.36;-150;113;-1212
470.484;-197;405;-1092
470.608;-164;665;-678
470.732;-112;796;-241
470.856;-64;809;42
470.98;-66;866;112
471.104;-68;930;129
471.229;-41;920;53
471.352;-32;865;-109
471.476;-9;762;-364
471.6;-61;684;-641
471.724;-33;522;-888
471.852;-36;313;-1068
471.976;22;149;-1126
472.1;0;48;-1124
472.888;-6;4;-1089
473.012;-24;108;-1168
473.136;-48;317;-1132
473.26;-73;546;-912
473.384;-44;708;-545
473.508;-61;822;-225
473.632;-77;874;-38
473.756;-128;950;81
473.88;-108;949;165
474.004;-110;964;213
474.269;-104;937;53
474.392;-96;918;-150
474.516;-68;818;-493
474.64;-57;653;-770
474.764;0;437;-934
474.888;-25;265;-1045
475.012;14;129;-1052
475.136;-20;33;-1108
475.82;-42;36;-1124
475.945;-97;145;-1241
476.068;-61;378;-1149
476.193;-72;600;-864
476.316;-33;725;-449
476.44;-120;793;-178
476.564;-121;840;32
477.112;-76;940;126
477.236;-58;900;38
477.36;-90;884;-114
477.484;-116;810;-378
477.608;-134;666;-700
477.732;-56;406;-948
477.856;2;218;-1102
477.98;36;76;-1146
478.104;24;16;-1164
478.228;28;-28;-1105
478.912;-46;60;-1226
479.036;-76;221;-1314
479.16;-114;446;-1201
479.284;-81;610;-784
479.409;-93;716;-374
479.532;-82;757;-117
479.656;-93;824;16
479.78;-82;881;69
479.904;-81;932;48
480.028;-80;916;-13
480.152;-94;906;-140
480.276;-105;872;-253
480.4;-130;817;-430
480.524;-134;673;-645
480.648;-101;461;-892
480.776;-85;288;-1086
480.9;-64;169;-1173
481.024;-42;88;-1169
481.148;12;0;-1140
481.272;58;-65;-1030
481.396;40;-73;-1014
481.52;20;-82;-982
481.784;-1;-81;-1037
481.908;-9;17;-1117
482.032;-53;237;-1214
482.156;-58;452;-1134
482.28;-73;644;-885
482.404;-57;734;-492
482.528;-80;812;-242
482.652;-89;862;-66
482.776;-92;906;-20
483.04;-56;917;-72
483.164;-16;862;-204
483.288;40;782;-401
483.412;-12;661;-642
483.536;-8;482;-809
483.66;-41;292;-1018
483.784;18;130;-1124
483.908;32;13;-1181
484.033;42;-58;-1121
484.716;-37;-64;-1076
484.845;-52;58;-1141
484.968;-102;349;-1106
485.092;-140;624;-918
485.216;-140;786;-577
485.34;-69;770;-284
485.465;-76;804;-101
485.588;-104;882;-26
485.712;-136;974;-8
485.976;-81;974;-46
486.1;-66;893;-129
486.224;-58;776;-308
486.348;-52;665;-521
486.473;-106;521;-749
486.596;-105;346;-893
486.72;-109;144;-1037
486.844;-38;-9;-1092
487.232;-28;-85;-1057
487.356;-9;-113;-1049
488.04;-29;64;-1138
488.164;-92;372;-1117
488.288;-193;674;-1014
488.413;-230;817;-644
488.536;-166;788;-332
488.66;-105;810;-46
488.784;-81;874;73
488.91;-96;962;160
489.316;-46;924;110
489.44;-76;948;-9
489.564;-61;941;-182
489.688;-62;873;-428
489.812;41;625;-618
489.936;9;381;-906
490.06;8;197;-1060
490.184;-41;122;-1172
490.308;9;57;-1112
490.572;20;-9;-1037
490.696;-25;-13;-1034
491.38;-50;20;-1032
491.504;-49;169;-1134
491.628;-62;396;-1161
491.752;-101;630;-1056
491.876;-98;729;-790
492;-84;789;-522
492.124;-82;837;-350
492.248;-89;898;-217
492.373;-92;917;-116
492.496;-50;913;52
492.62;-41;909;198
492.744;-49;937;277
492.868;-80;965;232
492.995;-106;984;174
493.12;-116;952;60
493.244;-96;881;-121
493.368;-49;812;-402
493.492;-12;682;-669
493.616;28;516;-913
493.74;33;308;-1032
493.864;44;192;-1153
493.988;37;136;-1130
494.112;25;122;-1130
494.236;13;42;-1065
494.36;-6;-13;-1044
494.484;-8;-86;-1016
494.608;-8;-77;-1022
495.173;-13;-64;-1081
495.276;9;16;-1225
495.4;2;189;-1229
495.524;-50;445;-1056
495.648;-136;678;-636
495.772;-161;826;-232
495.896;-106;858;57
496.02;-57;888;216
496.144;-62;922;285
496.268;-70;925;297
496.393;-84;913;234
496.516;-78;893;48
496.64;-48;857;-273
496.764;-30;748;-610
496.89;-25;529;-932
497.016;-37;206;-1020
497.14;-54;-25;-1088
497.404;34;-192;-1178
497.528;36;-184;-1137
497.652;56;-160;-1138
498.04;-4;-116;-1064
498.164;-21;14;-1210
498.288;-22;225;-1269
498.412;-41;492;-1097
498.536;-41;645;-706
498.66;-49;745;-329
498.784;-54;774;-90
498.908;-65;840;48
499.032;-78;900;162
499.296;-94;976;148
499.42;-77;926;57
499.546;-53;854;-97
499.668;-25;754;-321
499.792;-21;662;-654
499.916;-29;521;-853
500.04;-50;310;-986
500.164;-74;90;-1105
500.288;-76;-84;-1226
500.412;-50;-106;-1254
500.536;-40;-57;-1094
501.065;-24;50;-1073
501.189;-54;130;-1196
501.312;-66;237;-1232
501.436;-90;357;-1110
501.56;-93;522;-734
501.684;-117;700;-373
501.808;-112;822;-49
501.932;-64;917;94
502.056;-41;976;164
502.18;-36;985;140
502.444;-49;926;-74
502.568;-41;784;-401
502.692;20;517;-826
502.816;36;306;-1057
502.94;70;184;-1098
503.064;50;205;-1014
503.328;0;180;-1016
503.452;-13;130;-1064
503.576;-29;92;-1088
503.7;-20;14;-1080
503.964;-16;-97;-1048
504.788;9;-182;-1082
504.912;29;-133;-1105
505.036;34;41;-1108
505.164;36;258;-992
505.288;14;520;-766
505.412;-22;708;-444
505.537;-56;889;-158
505.66;-86;949;32
506.204;-78;1008;80
506.328;-53;989;72
506.452;-4;970;-18
506.576;13;881;-173
506.7;36;788;-422
506.824;20;585;-586
506.948;38;509;-797
507.072;44;398;-920
507.196;57;268;-929
507.32;24;178;-938
507.444;6;144;-948
507.568;-5;214;-1046
507.832;-17;186;-1105
507.956;-12;245;-1220
508.08;-21;398;-1176
508.204;-18;593;-897
508.328;-37;734;-473
508.452;-50;808;-140
508.576;-62;838;34
508.84;-45;858;-104
508.964;-40;804;-373
509.088;-45;557;-670
509.216;-72;350;-901
509.34;-105;-149;-1096
509.464;-94;-222;-1228
509.588;-53;-217;-1260
509.712;-2;61;-1192
509.836;13;80;-1137
509.96;-18;56;-1065
510.083;-50;72;-1069
510.208;-48;122;-1037
510.332;-29;114;-1014
510.456;38;133;-1020
510.58;25;104;-1004
510.704;34;168;-1062
510.828;30;217;-1212
510.952;54;418;-1245
511.076;73;581;-1036
511.2;5;701;-565
511.323;-2;757;-221
511.448;2;773;4
511.572;40;821;174
511.696;8;853;237
511.82;-73;920;225
511.944;-106;952;86
512.068;-86;960;-32
512.192;-40;969;-122
512.316;-5;974;-181
512.44;10;876;-298
512.564;-4;664;-524
512.687;33;469;-706
512.812;25;301;-869
512.939;78;181;-985
513.064;32;60;-1160
515.456;40;-26;-1202
515.461;26;-78;-1174
515.463;37;-93;-1092
515.464;4;-66;-1101
515.465;-14;53;-1222
515.466;6;222;-1258
515.466;69;397;-1110
515.467;29;561;-777
515.468;-12;698;-508
515.47;-70;837;-317
515.471;-32;897;-185
515.472;-58;937;-81
515.472;-78;958;0
515.473;-98;982;37
515.474;-70;972;48
515.672;72;457;-922
515.796;77;342;-981
515.92;82;241;-1020
516.044;108;170;-1009
516.168;106;128;-989
516.292;129;52;-1005
516.418;113;22;-1029
516.948;89;-18;-1094
517.072;120;30;-1205
517.196;104;153;-1228
517.319;97;337;-1046
517.443;50;522;-716
517.567;6;720;-349
517.692;1;828;-137
517.816;-45;928;-5
517.939;-32;946;17
518.343;-108;1010;38
518.471;-137;1000;65
518.595;-128;961;60
518.72;-61;914;-16
518.844;-1;828;-237
518.968;32;669;-493
519.092;41;450;-732
519.216;18;238;-940
519.339;6;82;-1097
519.464;-4;-38;-1193
519.587;-13;-114;-1166
519.712;-24;-158;-1101
520.395;-12;-84;-1132
520.519;-52;105;-1233
520.644;-50;321;-1161
520.767;-60;530;-858
520.895;-64;680;-481
521.019;-81;797;-186
521.143;-105;865;16
521.267;-104;904;128
521.671;-116;933;101
521.795;-53;864;-48
521.92;17;760;-286
522.044;54;596;-581
522.167;-1;392;-885
522.291;20;161;-1102
522.416;72;17;-1198
522.539;128;-101;-1149
522.664;84;-120;-1094
522.787;9;-122;-1062
523.331;-36;-41;-1104
523.455;-37;45;-1214
523.58;-30;238;-1213
523.703;-9;442;-1074
523.828;48;588;-816
523.951;57;662;-558
524.075;-24;769;-302
524.2;-94;860;-54
524.324;-124;924;96
524.727;-69;888;90
524.852;-22;816;-112
524.978;28;696;-422
525.104;17;570;-754
525.227;6;354;-969
525.351;6;198;-1074
525.475;68;41;-1110
525.599;82;-85;-1156
525.724;98;-126;-1098
525.848;74;-160;-1053
525.971;96;-141;-994
526.095;90;-214;-1014
526.219;77;-232;-1018
526.343;46;-233;-1029
526.468;41;-200;-1049
526.592;46;-150;-1102
526.715;105;-58;-1150
526.839;121;81;-1156
526.963;144;260;-1064
527.088;108;488;-813
527.211;49;690;-498
527.336;33;817;-188
527.46;14;865;0
527.583;-9;901;54
527.707;-58;934;41
527.971;-73;906;-48
528.096;-49;858;-174
528.219;-68;796;-398
528.343;-17;669;-637
528.467;-17;453;-917
528.591;44;205;-1088
528.715;77;-29;-1194
528.844;98;-130;-1086
528.967;44;-140;-1076
529.092;-41;-125;-1050
529.215;-92;-116;-1092
530.179;-34;-134;-1030
530.583;-13;-25;-1117
530.707;57;58;-1218
530.832;68;292;-1193
530.955;100;489;-978
531.079;-46;726;-625
531.203;-140;865;-281
531.328;-192;912;-10
531.451;-216;925;170
531.575;-210;897;252
531.699;-213;928;237
531.823;-182;934;176
531.947;-161;932;70
532.072;-65;902;-45
532.196;28;898;-150
532.319;52;844;-250
532.444;-61;820;-413
532.568;-110;677;-614
532.691;-140;556;-861
532.815;-81;394;-988
532.943;-64;254;-1092
533.067;-41;185;-1109
533.191;-100;112;-1200
533.32;-94;100;-1144
533.439;-58;38;-1121
533.564;28;-8;-1024
533.687;49;-48;-1030
534.651;113;-30;-1164
534.775;89;108;-1214
534.899;62;333;-1146
535.024;6;550;-873
535.148;-48;713;-496
535.271;-86;821;-233
535.395;-98;889;-58
535.519;-97;930;1
535.643;-110;938;82
535.767;-122;934;133
535.892;-118;908;126
536.015;-105;873;-1
536.14;-100;828;-317
536.263;-49;712;-596
536.387;-17;525;-794
536.511;-10;366;-934
536.635;-50;213;-1102
536.76;-18;109;-1216
536.884;25;14;-1181
537.01;26;4;-1112
537.275;-4;-17;-1053
537.539;32;-125;-1030
538.083;0;-193;-1082
538.207;-10;-72;-1181
538.331;-44;120;-1184
538.455;-93;369;-1045
538.579;-90;584;-785
538.704;-66;720;-506
538.828;-44;820;-204
538.951;-69;864;9
539.075;-94;917;106
539.2;-106;928;93
539.323;-96;930;20
539.447;-76;872;-140
539.571;-46;776;-377
539.696;-34;640;-630
539.819;-73;521;-862
539.944;-156;580;-1046
540.067;-142;500;-1140
540.192;-96;373;-1125
540.315;-16;85;-1069
540.439;-24;-41;-1024
540.704;-21;-129;-988
540.828;-16;-134;-998
541.495;12;-64;-1077
541.62;8;-48;-1153
541.743;1;17;-1205
541.867;-18;113;-1082
541.992;-2;381;-864
542.157;13;621;-522
542.239;21;834;-250
542.363;1;862;-49
542.488;-32;914;18
542.611;-66;958;45
543.155;-46;962;44
543.28;-32;900;-100
543.403;-14;754;-352
543.527;-46;622;-640
543.651;-88;445;-914
543.775;-101;324;-997
543.899;-76;174;-1094
544.023;-53;98;-1096
544.147;-32;49;-1096
544.411;-8;6;-1010
544.535;-18;-16;-1042
545.623;32;46;-1112
545.747;56;240;-1150
545.871;61;472;-1154
545.995;26;649;-902
546.119;-14;741;-518
546.243;-45;806;-120
546.367;-80;856;129
546.491;-96;914;198
546.755;-92;909;149
546.879;-81;862;-66
547.003;-76;821;-353
547.127;-98;749;-666
547.251;-86;562;-886
547.375;-69;330;-1016
547.499;-34;109;-1085
547.623;-49;-5;-1114
547.887;-78;-76;-1104
548.011;-72;-114;-1052
548.135;-70;-81;-1042
548.259;-30;-80;-1037
548.384;8;-32;-1040
548.647;54;32;-1093
548.773;66;112;-1212
548.895;60;277;-1200
549.019;24;504;-1012
549.143;-45;704;-637
549.267;-90;821;-290
549.391;-110;846;4
549.519;-112;889;166
549.643;-118;941;226
549.767;-109;945;200
549.891;-86;896;161
550.015;-60;832;-65
550.139;-73;777;-334
550.263;-84;678;-708
550.387;-81;520;-904
550.511;-36;317;-1026
550.635;-20;138;-1041
550.759;-22;-14;-1073
551.023;-32;-101;-1096
551.567;-5;-49;-1088
551.695;17;48;-1160
551.819;62;209;-1190
551.943;73;462;-1029
552.067;25;649;-657
552.191;-65;793;-256
552.315;-108;849;24
552.439;-122;892;154
552.703;-84;902;130
552.827;-52;849;-113
552.951;-42;721;-420
553.075;-34;558;-740
553.199;-20;416;-948
553.323;-14;257;-1094
553.447;-10;108;-1121
553.575;-14;-8;-1093
553.979;-5;-54;-1024
554.523;-24;14;-1086
554.647;-16;154;-1128
554.771;14;341;-1157
554.895;45;544;-1020
555.019;34;692;-740
555.143;-9;824;-381
555.267;-48;890;-73
555.531;-38;868;197
555.655;-50;874;237
555.779;-61;869;257
555.903;-82;864;168
556.027;-89;849;0
556.151;-124;805;-266
556.275;-164;657;-552
556.399;-170;448;-816
556.523;-134;270;-989
556.647;-81;109;-1092
556.771;-21;12;-1137
556.895;-8;-53;-1084
557.019;8;-56;-1045
557.283;12;-65;-1017
557.407;-5;-44;-992
557.531;-10;-6;-1022
557.659;-16;24;-1028
557.783;5;89;-1118
557.907;118;152;-1229
558.031;182;254;-1229
558.155;202;401;-1004
558.279;109;546;-594
558.403;44;704;-221
558.527;0;778;36
558.651;-58;842;197
558.775;-104;893;266
559.039;-113;938;182
559.163;-104;882;89
559.288;-77;818;-94
559.411;-102;809;-322
559.535;-93;748;-621
559.659;-100;526;-888
559.783;-105;245;-1108
559.907;-108;-5;-1157
560.031;-165;-245;-1265
560.155;-150;-284;-1153
560.279;-141;-266;-1112
560.403;-65;-93;-954
560.527;-26;-70;-985
560.931;-17;-30;-1034
561.195;-41;-8;-1160
561.319;-74;161;-1218
561.443;-84;393;-1148
561.57;-86;658;-813
561.699;-54;718;-413
561.823;-62;785;-81
561.947;-73;816;80
562.071;-82;892;184
562.195;-77;926;208
562.319;-53;894;170
562.443;-48;845;84
562.567;-60;833;-41
562.691;-88;868;-254
562.815;-142;896;-448
562.939;-124;746;-680
563.063;-146;512;-937
563.187;-132;208;-1109
563.311;-189;-26;-1198
563.435;-128;-101;-1040
563.839;-72;-70;-1034
564.523;1;40;-1046
564.647;-25;144;-1141
564.772;-40;354;-1168
564.895;-41;522;-1125
565.019;-30;674;-838
565.143;-20;728;-530
565.267;-26;800;-190
565.391;-33;832;8
565.515;-62;897;120
565.643;-80;934;162
565.907;-64;950;186
566.031;-45;865;128
566.155;-22;790;-114
566.279;-41;686;-429
566.403;-57;608;-772
566.527;-58;426;-1008
566.651;-30;269;-1121
566.775;-18;100;-1180
566.899;-53;0;-1201
567.023;-21;-42;-1124
567.147;12;-46;-1096
568.375;-32;4;-1049
568.499;-21;53;-1166
568.623;5;254;-1290
568.747;-1;465;-1252
568.872;-41;669;-969
568.995;-73;750;-538
569.119;-80;782;-209
569.243;-64;832;45
569.367;-74;886;160
569.631;-76;888;209
569.755;-81;842;50
569.881;-76;788;-146
570.007;-162;713;-452
570.131;-166;489;-781
570.255;-160;276;-1102
570.379;-90;78;-1253
570.503;-78;18;-1142
570.627;-54;-29;-1072
570.751;-4;-68;-1036
571.015;54;-73;-1057
571.543;-38;90;-1065
571.667;-56;180;-1094
571.791;-90;372;-1204
571.915;-94;509;-1132
572.039;-92;644;-878
572.163;-50;672;-476
572.287;-37;753;-109
572.411;-30;812;108
572.536;-50;869;280
572.659;-57;897;316
572.783;-62;901;265
572.907;-57;830;114
573.031;-40;860;-60
573.155;-34;910;-298
573.279;-45;909;-514
573.403;-78;697;-794
573.527;-104;294;-1010
573.651;-97;58;-1113
573.775;-97;-85;-1128
573.903;-14;-110;-1098
574.027;-2;-105;-1090
574.151;22;-108;-1045
574.275;-25;-22;-1005
574.539;-10;1;-1069
574.663;-21;54;-1184
574.787;-72;272;-1210
574.911;-122;544;-1016
575.035;-124;780;-637
575.159;-90;832;-316
575.283;-82;822;-97
575.407;-92;796;26
575.531;-96;845;156
575.655;-102;909;228
575.919;-80;902;146
576.043;-58;841;-30
576.167;-25;733;-312
576.291;1;564;-632
576.415;16;349;-962
576.539;41;138;-1121
576.663;8;29;-1173
576.787;-10;-30;-1148
576.911;-16;-61;-1126
577.035;-5;-73;-1084
577.439;13;-49;-1064
577.563;-29;76;-1262
577.687;-173;372;-1304
577.815;-252;618;-1050
577.939;-302;781;-668
578.063;-201;772;-314
578.187;-140;800;-125
578.311;-80;857;81
578.435;-60;913;160
578.559;-37;965;130
578.683;-20;988;66
578.807;-8;938;4
578.931;-4;881;-93
579.055;-41;838;-308
579.183;0;714;-541
579.307;-1;476;-870
579.431;69;126;-1049
579.555;25;-24;-1182
579.679;29;-104;-1109
579.803;-20;-84;-1065
579.927;-25;-105;-1038
580.051;-24;-110;-1040
580.755;-10;26;-1178
580.859;-24;182;-1250
580.983;-41;360;-1258
581.107;-30;493;-946
581.231;-14;596;-645
581.355;0;702;-296
581.479;-38;846;-121
581.603;-70;938;44
582.271;-54;956;108
582.395;-48;920;49
582.519;-36;789;-145
582.643;-37;669;-425
582.767;-61;554;-714
582.891;-32;433;-929
583.015;-21;305;-1072
583.139;-25;173;-1170
583.403;-61;98;-1154
583.527;-6;62;-1084
583.651;30;38;-1030
584.055;-40;124;-1190
584.179;-78;301;-1309
584.303;-90;476;-1284
584.427;-45;581;-952
584.551;-30;638;-550
584.675;-37;710;-201
584.799;-64;822;5
584.923;-76;909;101
585.047;-94;977;105
585.311;-86;957;34
585.435;-54;869;-96
585.559;-42;742;-364
585.683;9;620;-626
585.806;32;441;-880
585.935;81;220;-1006
586.059;65;13;-1177
586.183;62;-53;-1154
586.307;32;-20;-1136
586.991;17;73;-1092
587.115;-53;282;-1216
587.239;-65;460;-1166
587.363;-64;632;-888
587.487;-10;657;-456
587.611;-41;758;-172
587.735;-78;833;-40
587.859;-105;924;-1
588.123;-82;988;8
588.247;-81;994;36
588.651;-72;1001;45
588.774;-34;925;-64
588.899;-17;817;-306
589.023;58;618;-550
589.147;52;386;-805
589.271;66;212;-938
589.395;32;106;-1038
589.518;38;53;-1064
589.643;37;-14;-1081
589.767;61;-28;-1088
589.891;50;6;-1094
590.139;-20;100;-1058
590.263;-50;121;-1028
590.387;-46;101;-1006
590.931;5;120;-1037
591.055;10;240;-1238
591.179;34;409;-1260
591.303;13;548;-1106
591.427;-6;649;-645
591.551;-34;726;-321
591.675;-45;778;-126
591.799;-44;861;-81
591.922;-50;944;-30
592.187;-29;1010;22
592.45;-14;957;36
592.575;-20;972;20
592.699;-56;980;-157
592.823;-100;926;-370
592.947;-104;729;-646
593.071;-110;505;-854
593.195;-98;362;-1036
593.319;-106;282;-1144
593.442;-121;232;-1184
593.567;-152;156;-1164
593.691;-149;84;-1138
593.815;-88;5;-1084
593.939;-32;-54;-1045
594.327;-12;-42;-1082
594.45;-28;-8;-1130
594.574;-24;62;-1184
594.699;-38;198;-1186
594.823;-49;396;-1084
594.947;-72;608;-793
595.071;-100;714;-453
595.195;-56;777;-102
595.319;-58;861;62
595.443;-40;985;162
595.567;-44;1014;160
595.971;-30;1012;142
596.095;-14;1008;82
596.219;-10;906;-88
596.343;-12;778;-386
596.467;2;601;-624
596.591;-8;425;-832
596.715;-49;277;-917
596.838;-73;149;-1128
596.962;-64;86;-1190
597.087;-13;10;-1186
597.21;-2;-37;-1074
597.334;-1;-24;-1061
597.459;-17;40;-1116
597.582;-30;213;-1194
597.706;-50;434;-1117
597.831;-89;664;-846
597.955;-108;764;-465
598.082;-114;774;-142
598.207;-101;781;52
598.331;-98;858;176
598.595;-88;945;156
598.718;-66;862;-52
598.843;-49;764;-352
598.966;-4;644;-654
599.091;-4;562;-862
599.216;21;394;-972
599.339;4;216;-1078
599.462;26;4;-1098
599.586;21;-117;-1105
599.99;21;-126;-1109
600.114;17;86;-1186
600.238;8;406;-1126
600.362;-26;677;-790
600.486;-64;758;-337
600.611;-108;777;24
600.734;-113;830;197
600.858;-112;913;234
600.982;-84;978;204
601.247;-38;962;142
601.37;-33;872;89
601.494;-32;826;-52
601.619;-24;809;-380
601.743;-28;686;-700
601.866;-8;442;-874
601.993;-6;150;-988
602.118;-2;-28;-1048
602.242;-34;-113;-1129
602.367;-46;-133;-1070
602.63;-33;-142;-1034
602.754;-38;-121;-1150
602.878;-40;-26;-1312
603.003;-18;198;-1248
603.126;2;442;-929
603.25;1;668;-448
603.375;-41;758;-80
603.499;-74;806;145
603.622;-90;822;265
603.746;-88;865;282
604.011;-96;946;248
604.134;-80;917;168
604.259;-61;914;61
604.382;-9;868;-32
604.506;-66;810;-109
604.63;-126;689;-428
604.755;-188;534;-685
604.878;-145;273;-1014
605.002;-92;85;-1108
605.13;-64;-54;-1216
605.254;-60;-40;-1157
605.378;-56;-72;-1080
606.045;-1;5;-1132
606.171;-4;168;-1242
606.294;-24;420;-1160
606.418;-48;648;-877
606.542;-68;757;-534
606.666;-88;805;-272
606.791;-96;826;-76
606.914;-85;869;150
607.038;-66;892;276
607.442;-80;945;293
607.566;-81;908;264
607.83;-96;841;140
607.955;-92;838;-157
608.079;-81;793;-493
608.203;-54;668;-850
608.326;-66;442;-1089
608.451;-64;172;-1222
608.574;-77;-61;-1172
608.839;-32;-166;-1061
608.962;-20;-117;-1064
609.226;-24;-17;-1094
609.35;-33;77;-1270
609.474;-48;245;-1326
609.599;-56;444;-1085
609.722;-57;612;-617
609.847;-50;736;-209
609.97;-44;805;24
610.098;-50;848;157
610.222;-64;877;272
610.486;-52;900;257
610.611;-53;885;136
610.734;-68;848;-64
610.858;-86;798;-317
610.983;-54;621;-628
611.106;-58;429;-868
611.23;-64;286;-1061
611.354;-73;157;-1130
611.479;-40;62;-1149
611.743;-4;-84;-1057
612.146;-20;-17;-1176
612.271;-25;82;-1296
612.395;-10;274;-1241
612.518;-26;497;-893
612.642;-69;672;-442
612.767;-117;765;-101
612.89;-117;832;90
613.014;-104;877;224
613.139;-84;917;293
613.402;-68;866;304
613.526;-65;846;194
613.65;-54;876;21
613.774;-60;865;-220
613.898;-61;701;-485
614.025;-77;464;-805
614.15;-69;284;-1049
614.274;-66;173;-1146
614.398;-58;66;-1130
614.522;-53;-28;-1090
614.786;-22;-64;-1076
615.19;-60;53;-1234
615.314;-85;154;-1237
615.438;-105;381;-1086
615.562;-110;577;-654
615.687;-100;752;-334
615.81;-90;829;-78
615.934;-76;861;124
616.058;-89;890;256
616.182;-97;906;329
616.446;-85;902;333
616.57;-69;852;241
616.694;-56;816;37
616.818;-50;748;-276
616.942;-77;658;-632
617.066;-104;470;-969
617.19;-130;346;-1130
617.315;-105;150;-1186
617.438;-81;28;-1118
617.563;-41;-108;-1112
617.687;-20;-106;-1069
617.81;1;-92;-1048
618.058;-10;-40;-1040
618.182;-12;36;-1190
618.306;-5;214;-1220
618.43;4;472;-1048
618.554;-36;680;-633
618.678;-82;780;-241
618.803;-132;814;4
618.926;-121;832;144
619.05;-98;881;206
619.174;-65;906;282
619.438;-56;917;332
619.562;-53;840;258
619.686;-74;812;153
619.81;-94;838;-92
619.935;-118;844;-376
620.058;-148;701;-709
620.182;-154;470;-980
620.306;-144;220;-1158
620.43;-85;28;-1208
620.554;-57;-65;-1138
621.098;-46;-4;-1192
621.222;-48;88;-1278
621.346;-48;298;-1230
621.474;-42;550;-820
621.598;-25;754;-432
621.722;-22;854;-118
621.847;-28;882;18
621.973;-34;921;141
622.098;-41;941;212
622.222;-45;952;276
622.486;-58;910;298
622.61;-56;894;200
622.734;-56;844;-25
622.858;-74;768;-324
622.982;-89;614;-757
623.106;-145;334;-792
623.23;-138;170;-1008
623.355;-140;33;-930
623.479;-96;53;-1125
623.743;-37;-44;-1054
623.866;17;-44;-1045
624.41;-12;-26;-1084
624.534;-28;57;-1233
624.659;-2;218;-1318
624.782;-2;476;-1153
624.906;-20;669;-730
625.03;-72;800;-261
625.154;-98;804;32
625.278;-102;818;216
625.402;-89;861;292
625.806;-42;890;326
625.93;-26;829;256
626.056;-13;798;65
626.203;-46;764;-288
626.306;-101;701;-614
626.43;-132;416;-836
626.554;-125;197;-1016
626.678;-78;-13;-1108
626.802;-40;-9;-1176
626.926;-16;-49;-1072
627.33;-12;-20;-1088
627.454;12;93;-1192
627.578;52;236;-1182
627.702;44;466;-1001
627.826;5;640;-626
627.95;-40;800;-284
628.074;-48;864;8
628.198;-52;870;166
628.462;-76;886;269
628.586;-86;940;262
628.85;-80;953;240
628.975;-45;881;194
629.098;-22;856;93
629.222;-17;853;-114
629.346;-38;818;-385
629.47;-48;617;-766
629.594;-58;297;-1034
629.718;-58;46;-1184
629.842;-56;-101;-1132
629.966;-41;-130;-1112
630.094;-24;-162;-1060
630.218;-21;-148;-1033
630.342;-18;-102;-1004
630.606;-24;2;-1094
630.73;-18;46;-1210
630.854;6;217;-1252
630.978;29;384;-1060
631.102;-22;582;-665
631.226;-82;684;-270
631.35;-117;788;-33
631.474;-77;882;64
631.598;-54;940;118
631.862;-37;905;94
631.986;-61;837;-61
632.11;-97;736;-374
632.234;-73;605;-665
632.358;-49;424;-954
632.482;-37;269;-1116
632.606;-49;129;-1188
632.73;-50;65;-1173
632.855;-22;-2;-1113
632.978;-13;-38;-1077
633.242;-26;-46;-1057
633.366;-30;10;-1208
633.49;-5;148;-1258
633.614;12;393;-1196
633.738;-8;612;-858
633.862;-70;754;-485
633.99;-92;792;-108
634.114;-98;840;137
634.238;-61;889;228
634.502;-41;936;213
634.626;-50;924;114
634.75;-62;908;-54
634.874;-98;873;-326
634.998;-113;742;-601
635.122;-108;498;-882
635.246;-100;284;-929
635.37;-136;125;-960
635.494;-196;97;-940
635.618;-229;44;-984
635.742;-206;37;-986
635.866;-133;28;-985
635.99;-62;44;-1014
636.114;6;17;-1053
636.238;-8;-16;-993
636.362;-10;54;-1126
636.486;-72;228;-1225
636.611;-10;440;-1256
636.734;29;600;-948
636.858;60;698;-585
636.982;1;777;-340
637.106;-68;865;-218
637.234;-64;892;-106
637.358;-57;930;6
637.482;-42;921;97
637.606;-56;962;104
637.855;-68;964;5
637.979;-66;888;-128
638.102;-82;777;-396
638.226;-94;557;-701
638.35;-121;332;-977
638.475;-114;69;-1116
638.598;-82;-94;-1128
638.722;-42;-200;-1057
638.846;-46;-238;-1041
639.39;-120;-145;-1124
639.514;-128;-2;-1152
639.639;-161;282;-1074
639.762;-158;586;-790
639.886;-169;816;-438
640.01;-185;892;-109
640.134;-180;882;128
640.258;-158;892;252
640.522;-84;930;273
640.646;-60;909;185
640.77;-50;893;-5
640.894;-44;774;-334
641.018;-29;634;-681
641.142;-17;332;-993
641.266;-13;218;-1137
641.53;-20;52;-1168
641.654;-22;-73;-1097
641.78;-50;-102;-980
641.906;-14;-110;-950
642.03;89;-68;-1025
642.154;138;-64;-1070
642.278;137;-32;-1069
642.402;76;-40;-1024
